SR_Created_Date,Sr_Num,Enq_Type,Enq_Sub_Type,Postcode
03 July 2017,2-883457747,LASBT ALMO,Noise Nuisance,LS7 3
03 July 2017,2-883483167,LASBT Private,Noise Nuisance,LS7 3
04 July 2017,2-883518627,LASBT ALMO,Noise Nuisance,LS9 6
04 July 2017,2-883574972,LASBT Private,Noise Nuisance,LS14 3
04 July 2017,2-883575455,LASBT Private,Noise Nuisance,LS17 8
04 July 2017,2-883575627,LASBT Private,Noise Nuisance,LS14 6
04 July 2017,2-883577650,LASBT Private,Noise Nuisance,LS7 4
04 July 2017,2-883623196,LASBT Private,Noise Nuisance,LS9 6
31 July 2017,2-886930962,LASBT Private,Noise Nuisance,LS17 6
04 July 2017,2-883623899,LASBT Private,Noise Nuisance,LS8 3
31 July 2017,2-886902285,LASBT Private,Noise Nuisance,LS14 6
28 July 2017,2-886779395,LASBT Private,Noise Nuisance,LS17 5
28 July 2017,2-886773935,LASBT Private,Noise Nuisance,LS8 5
05 July 2017,2-883707543,LASBT Private,Noise Nuisance,LS8 3
05 July 2017,2-883758261,LASBT Private,Noise Nuisance,LS8 5
27 July 2017,2-886605366,LASBT Private,Noise Nuisance,LS8 4
27 July 2017,2-886576509,LASBT Private,Noise Nuisance,LS9 6
25 July 2017,2-886315701,LASBT Private,Noise Nuisance,LS8 3
06 July 2017,2-883944823,LASBT ALMO,Noise Nuisance,LS8 5
25 July 2017,2-886266803,LASBT Private,Noise Nuisance,LS17 6
25 July 2017,2-886257443,LASBT Private,Noise Nuisance,LS17 5
25 July 2017,2-886232246,LASBT ALMO,Noise Nuisance,LS8 3
25 July 2017,2-886186819,LASBT Private,Noise Nuisance,LS9 7
24 July 2017,2-886075319,Tenancy Breach,Noise Nuisance,LS17 7
10 July 2017,2-884275274,LASBT Private,Noise Nuisance,LS8 5
10 July 2017,2-884275494,LASBT ALMO,Noise Nuisance,LS14 1
10 July 2017,2-884275883,LASBT Private,Noise Nuisance,LS8 5
10 July 2017,2-884303852,LASBT Private,Noise Nuisance,LS8 5
10 July 2017,2-884326056,LASBT Private,Noise Nuisance,LS17 6
21 July 2017,2-885950021,LASBT Private,Noise Nuisance,LS17 8
10 July 2017,2-884326671,LASBT Private,Noise Nuisance,LS8 3
20 July 2017,2-885804443,LASBT Private,Noise Nuisance,LS9 6
11 July 2017,2-884436533,LASBT Private,Noise Nuisance,LS9 9
11 July 2017,2-884564200,LASBT Private,Noise Nuisance,LS7 4
11 July 2017,2-884578873,LASBT Private,Noise Nuisance,LS8 2
19 July 2017,2-885615362,LASBT Private,Noise Nuisance,LS8 2
19 July 2017,2-885546337,LASBT Private,Noise Nuisance,LS22 6
19 July 2017,2-885546201,LASBT Private,Noise Nuisance,LS9 8
19 July 2017,2-885546049,LASBT Private,Noise Nuisance,LS7 2
12 July 2017,2-884741937,LASBT Private,Noise Nuisance,LS7 4
13 July 2017,2-884847302,LASBT Private,Noise Nuisance,LS17 6
18 July 2017,2-885477124,LASBT ALMO,Noise Nuisance,LS7 2
18 July 2017,2-885459259,LASBT Private,Noise Nuisance,LS8 1
18 July 2017,2-885458365,LASBT Private,Noise Nuisance,LS8 3
13 July 2017,2-884870231,LASBT Private,Noise Nuisance,LS9 6
13 July 2017,2-884868870,LASBT Private,Noise Nuisance,LS14 1
18 July 2017,2-885349979,LASBT Private,Noise Nuisance,LS9 7
13 July 2017,2-884871668,LASBT Private,Noise Nuisance,LS8 4
13 July 2017,2-884896077,LASBT Private,Noise Nuisance,LS23 6
17 July 2017,2-885266069,LASBT Private,Noise Nuisance,LS14 6
17 July 2017,2-885227746,LASBT Private,Noise Nuisance,LS8 3
17 July 2017,2-885168538,LASBT Private,Noise Nuisance,LS8 3
14 July 2017,2-884993779,Tenancy Breach,Noise Nuisance,LS14 6
17 July 2017,2-885109997,LASBT Private,Noise Nuisance,LS8 3
03 July 2017,2-883309968,LASBT Private,Noise Nuisance,LS1 4
03 July 2017,2-883310097,LASBT Private,Noise Nuisance,LS9 0
31 July 2017,2-887077671,LASBT Private,Noise Nuisance,LS25 2
31 July 2017,2-887077289,LASBT Private,Noise Nuisance,LS27 7
31 July 2017,2-887057972,LASBT Private,Noise Nuisance,LS12 4
03 July 2017,2-883332413,LASBT Private,Noise Nuisance,LS11 5
03 July 2017,2-883310362,LASBT Private,Noise Nuisance,LS15 8
31 July 2017,2-887057086,LASBT Private,Noise Nuisance,LS15 8
31 July 2017,2-887026522,LASBT Private,Noise Nuisance,LS10 1
31 July 2017,2-887042064,LASBT Private,Noise Nuisance,LS11 0
03 July 2017,2-883407705,LASBT Private,Noise Nuisance,LS11 5
03 July 2017,2-883442505,LASBT Private,Noise Nuisance,LS25 2
03 July 2017,2-883468136,LASBT Private,Noise Nuisance,LS26 0
03 July 2017,2-883486465,LASBT Private,Noise Nuisance,LS26 0
03 July 2017,2-883497336,LASBT Private,Noise Nuisance,LS12 1
04 July 2017,2-883506493,LASBT Private,Noise Nuisance,LS11 7
04 July 2017,2-883506675,LASBT Private,Noise Nuisance,LS27 8
04 July 2017,2-883534196,LASBT Private,Noise Nuisance,LS14 5
04 July 2017,2-883534382,LASBT Private,Noise Nuisance,LS2 7
04 July 2017,2-883534466,LASBT Private,Noise Nuisance,LS11 5
04 July 2017,2-883551096,LASBT Private,Noise Nuisance,LS10 3
04 July 2017,2-883551228,LASBT Private,Noise Nuisance,LS11 9
31 July 2017,2-886956187,LASBT Private,Noise Nuisance,LS10 1
04 July 2017,2-883601900,LASBT Private,Noise Nuisance,LS10 3
31 July 2017,2-886950216,LASBT Private,Noise Nuisance,LS11 6
05 July 2017,2-883675368,LASBT Private,Noise Nuisance,LS10 3
05 July 2017,2-883676604,LASBT Private,Noise Nuisance,LS25 1
28 July 2017,2-886737590,LASBT Private,Noise Nuisance,BD11 1
28 July 2017,2-886725960,LASBT Private,Noise Nuisance,LS10 3
28 July 2017,2-886710763,LASBT Private,Noise Nuisance,LS27 7
27 July 2017,2-886616567,LASBT Private,Noise Nuisance,LS25 1
27 July 2017,2-886537790,Tenancy Breach,Noise Nuisance,LS27 7
27 July 2017,2-886519819,LASBT ALMO,Noise Nuisance,LS27 9
26 July 2017,2-886519047,LASBT Private,Noise Nuisance,LS27 7
26 July 2017,2-886475642,LASBT Private,Noise Nuisance,LS25 1
26 July 2017,2-886475305,LASBT Private,Noise Nuisance,LS15 9
26 July 2017,2-886375844,LASBT Private,Noise Nuisance,LS2 7
06 July 2017,2-883914476,LASBT Private,Noise Nuisance,LS25 7
26 July 2017,2-886364499,LASBT Private,Noise Nuisance,LS11 8
26 July 2017,2-886393050,LASBT Private,Noise Nuisance,LS2 7
26 July 2017,2-886361833,LASBT Private,Noise Nuisance,BD11 1
25 July 2017,2-886291281,LASBT Private,Noise Nuisance,LS15 7
06 July 2017,2-883978170,LASBT Private,Noise Nuisance,LS10 4
25 July 2017,2-886252942,LASBT Private,Noise Nuisance,LS10 1
25 July 2017,2-886252712,LASBT Private,Noise Nuisance,LS11 7
25 July 2017,2-886239603,LASBT Private,Noise Nuisance,LS1 3
24 July 2017,2-886101615,LASBT Private,Noise Nuisance,LS26 0
24 July 2017,2-886086497,LASBT Private,Noise Nuisance,N
07 July 2017,2-884084004,LASBT Private,Noise Nuisance,LS11 5
24 July 2017,2-886101218,LASBT Private,Noise Nuisance,LS15 8
10 July 2017,2-884218963,LASBT Private,Noise Nuisance,WF3 1
10 July 2017,2-884219150,LASBT Private,Noise Nuisance,BD11 1
10 July 2017,2-884219384,LASBT Private,Noise Nuisance,LS27 9
24 July 2017,2-886032691,Tenancy Breach,Noise Nuisance,LS27 7
24 July 2017,2-886016972,LASBT Private,Noise Nuisance,LS9 0
10 July 2017,2-884229765,LASBT Private,Noise Nuisance,LS14 5
10 July 2017,2-884238821,LASBT Private,Noise Nuisance,LS11 8
24 July 2017,2-886016821,LASBT Private,Noise Nuisance,LS25 7
10 July 2017,2-884268894,LASBT Private,Noise Nuisance,LS11 0
10 July 2017,2-884272872,LASBT ALMO,Noise Nuisance,LS26 8
10 July 2017,2-884349780,LASBT Private,Noise Nuisance,LS14 5
10 July 2017,2-884374124,LASBT Private,Noise Nuisance,LS14 5
20 July 2017,2-885770840,LASBT Private,Noise Nuisance,LS26 9
11 July 2017,2-884435163,LASBT ALMO,Noise Nuisance,LS10 3
11 July 2017,2-884454257,LASBT Private,Noise Nuisance,LS26 0
11 July 2017,2-884454495,LASBT ALMO,Noise Nuisance,LS26 8
11 July 2017,2-884483162,LASBT Private,Noise Nuisance,LS25 2
11 July 2017,2-884483511,LASBT Private,Noise Nuisance,LS25 2
20 July 2017,2-885720484,Tenancy Breach,Noise Nuisance,LS26 8
11 July 2017,2-884522619,LASBT Private,Noise Nuisance,LS15 7
20 July 2017,2-885682926,LASBT Private,Noise Nuisance,WF10 2
12 July 2017,2-884576827,LASBT Private,Noise Nuisance,LS10 4
12 July 2017,2-884627657,LASBT Private,Noise Nuisance,LS10 2
19 July 2017,2-885570453,LASBT Private,Noise Nuisance,LS11 0
12 July 2017,2-884627899,LASBT ALMO,Noise Nuisance,LS11 6
12 July 2017,2-884643195,LASBT Private,Noise Nuisance,LS11 0
19 July 2017,2-885553293,LASBT Private,Noise Nuisance,LS10 1
12 July 2017,2-884699977,LASBT Private,Noise Nuisance,LS27 0
12 July 2017,2-884739956,LASBT Private,Noise Nuisance,LS26 0
19 July 2017,2-885521511,LASBT Private,Noise Nuisance,LS11 7
13 July 2017,2-884813925,LASBT Private,Noise Nuisance,LS10 4
18 July 2017,2-885490631,LASBT Private,Noise Nuisance,LS10 2
18 July 2017,2-885418872,LASBT Private,Noise Nuisance,LS10 1
18 July 2017,2-885418120,LASBT Private,Noise Nuisance,WF10 2
18 July 2017,2-885341511,LASBT Private,Noise Nuisance,LS27 0
17 July 2017,2-885236721,LASBT Private,Noise Nuisance,LS15 8
17 July 2017,2-885198895,LASBT Private,Noise Nuisance,LS27 0
17 July 2017,2-885197232,LASBT Private,Noise Nuisance,LS10 4
14 July 2017,2-885016240,LASBT ALMO,Noise Nuisance,LS11 8
17 July 2017,2-885161488,LASBT Private,Noise Nuisance,LS11 5
14 July 2017,2-885031483,LASBT Private,Noise Nuisance,LS7 1
14 July 2017,2-885028905,LASBT Private,Noise Nuisance,LS26 8
17 July 2017,2-885146189,LASBT Private,Noise Nuisance,LS10 4
03 July 2017,2-883322418,LASBT Private,Noise Nuisance,LS6 3
03 July 2017,2-883322463,LASBT Private,Noise Nuisance,LS6 1
03 July 2017,2-883344483,LASBT Private,Noise Nuisance,LS18 5
03 July 2017,2-883365404,LASBT Private,Noise Nuisance,LS13 3
03 July 2017,2-883353774,LASBT Private,Noise Nuisance,LS6 1
31 July 2017,2-887033622,LASBT Private,Noise Nuisance,LS18 5
31 July 2017,2-887033395,LASBT Private,Noise Nuisance,LS6 4
03 July 2017,2-883402829,LASBT Private,Noise Nuisance,LS6 2
31 July 2017,2-887007927,LASBT Private,Noise Nuisance,LS4 2
03 July 2017,2-883477888,LASBT Private,Noise Nuisance,LS13 3
31 July 2017,2-887007395,LASBT Private,Noise Nuisance,LS4 2
03 July 2017,2-883497060,LASBT Private,Noise Nuisance,LS4 2
03 July 2017,2-883497163,LASBT Private,Noise Nuisance,LS12 2
03 July 2017,2-883497286,LASBT Private,Noise Nuisance,LS12 1
03 July 2017,2-883497409,LASBT Private,Noise Nuisance,LS6 2
03 July 2017,2-883497482,LASBT Private,Noise Nuisance,LS12 1
31 July 2017,2-887007227,LASBT Private,Noise Nuisance,LS21 3
31 July 2017,2-886989629,LASBT Private,Noise Nuisance,LS12 3
04 July 2017,2-883538907,LASBT Private,Noise Nuisance,LS6 1
31 July 2017,2-886974763,LASBT Private,Noise Nuisance,LS2 9
31 July 2017,2-886930791,LASBT Private,Noise Nuisance,LS20 9
28 July 2017,2-886729198,LASBT Private,Noise Nuisance,LS4 2
28 July 2017,2-886718377,LASBT Private,Noise Nuisance,LS13 1
28 July 2017,2-886697619,LASBT Private,Noise Nuisance,LS12 4
27 July 2017,2-886695013,Tenancy Breach,Noise Nuisance,LS3 1
27 July 2017,2-886586481,LASBT ALMO,Noise Nuisance,LS16 6
27 July 2017,2-886554967,LASBT Private,Noise Nuisance,LS6 3
27 July 2017,2-886567194,LASBT Private,Noise Nuisance,LS6 3
27 July 2017,2-886531950,Tenancy Breach,Noise Nuisance,LS3 1
06 July 2017,2-883861540,LASBT Private,Noise Nuisance,LS6 1
26 July 2017,2-886391395,LASBT Private,Noise Nuisance,LS4 2
07 July 2017,2-884014788,LASBT ALMO,Noise Nuisance,LS6 4
07 July 2017,2-884080764,LASBT Private,Noise Nuisance,LS6 1
07 July 2017,2-884080857,LASBT Private,Noise Nuisance,LS6 1
07 July 2017,2-884101406,LASBT Private,Noise Nuisance,LS6 1
07 July 2017,2-884120614,LASBT ALMO,Noise Nuisance,LS6 2
07 July 2017,2-884120748,LASBT Private,Noise Nuisance,LS12 3
07 July 2017,2-884120858,LASBT Private,Noise Nuisance,BD3 7
24 July 2017,2-886077688,LASBT Private,Noise Nuisance,LS6 3
24 July 2017,2-886077615,LASBT ALMO,Noise Nuisance,LS13 2
24 July 2017,2-886077252,LASBT Private,Noise Nuisance,LS13 2
24 July 2017,2-886077096,LASBT Private,Noise Nuisance,LS6 2
24 July 2017,2-886040663,LASBT Private,Noise Nuisance,LS13 4
07 July 2017,2-884161659,LASBT Private,Noise Nuisance,N
21 July 2017,2-885957264,LASBT Private,Noise Nuisance,LS4 2
21 July 2017,2-885957105,LASBT Private,Noise Nuisance,LS19 6
21 July 2017,2-885950186,LASBT Private,Noise Nuisance,LS6 1
21 July 2017,2-885941916,LASBT Private,Noise Nuisance,LS13 2
10 July 2017,2-884301687,LASBT Private,Noise Nuisance,N
10 July 2017,2-884301718,LASBT Private,Noise Nuisance,N
10 July 2017,2-884301800,LASBT Private,Noise Nuisance,LS28 6
10 July 2017,2-884332210,LASBT Private,Noise Nuisance,LS6 3
21 July 2017,2-885919162,LASBT Private,Noise Nuisance,LS16 5
21 July 2017,2-885893271,LASBT Private,Noise Nuisance,LS6 1
21 July 2017,2-885869627,LASBT Private,Noise Nuisance,LS6 1
20 July 2017,2-885822907,LASBT Private,Noise Nuisance,N
11 July 2017,2-884444114,LASBT ALMO,Noise Nuisance,LS13 3
20 July 2017,2-885753351,LASBT Private,Noise Nuisance,LS19 7
20 July 2017,2-885753310,LASBT Private,Noise Nuisance,LS19 7
20 July 2017,2-885753207,LASBT Private,Noise Nuisance,LS19 7
11 July 2017,2-884511763,LASBT Private,Noise Nuisance,LS12 3
11 July 2017,2-884511847,LASBT ALMO,Noise Nuisance,LS16 6
11 July 2017,2-884536910,LASBT Private,Noise Nuisance,LS12 5
11 July 2017,2-884537113,LASBT Private,Noise Nuisance,LS6 3
11 July 2017,2-884537196,LASBT Private,Noise Nuisance,LS6 2
11 July 2017,2-884537259,LASBT Private,Noise Nuisance,LS6 1
11 July 2017,2-884537362,LASBT Private,Noise Nuisance,LS4 2
11 July 2017,2-884537855,LASBT Private,Noise Nuisance,LS16 5
11 July 2017,2-884545059,LASBT Private,Noise Nuisance,LS7 2
11 July 2017,2-884545190,LASBT Private,Noise Nuisance,LS12 4
11 July 2017,2-884545463,LASBT Private,Noise Nuisance,LS13 2
11 July 2017,2-884545875,LASBT Private,Noise Nuisance,N
20 July 2017,2-885721651,LASBT Private,Noise Nuisance,LS6 3
19 July 2017,2-885644021,LASBT Private,Noise Nuisance,LS21 1
12 July 2017,2-884576870,LASBT Private,Noise Nuisance,LS6 1
19 July 2017,2-885533620,LASBT Private,Noise Nuisance,LS19 6
12 July 2017,2-884702184,LASBT ALMO,Noise Nuisance,LS12 5
19 July 2017,2-885533474,LASBT Private,Noise Nuisance,LS6 1
19 July 2017,2-885533421,LASBT Private,Noise Nuisance,LS16 5
12 July 2017,2-884753348,LASBT ALMO,Noise Nuisance,LS12 5
19 July 2017,2-885533128,LASBT Private,Noise Nuisance,LS6 1
19 July 2017,2-885533055,LASBT Private,Noise Nuisance,LS13 1
19 July 2017,2-885510972,LASBT Private,Noise Nuisance,LS13 2
19 July 2017,2-885510606,LASBT Private,Noise Nuisance,LS12 3
13 July 2017,2-884824094,LASBT Private,Noise Nuisance,LS16 6
13 July 2017,2-884866336,LASBT ALMO,Noise Nuisance,LS12 2
18 July 2017,2-885402745,LASBT Private,Noise Nuisance,LS19 7
13 July 2017,2-884883057,LASBT Private,Noise Nuisance,LS12 2
18 July 2017,2-885359746,LASBT Private,Noise Nuisance,LS6 2
13 July 2017,2-884907309,LASBT Private,Noise Nuisance,LS6 1
13 July 2017,2-884907556,LASBT Private,Noise Nuisance,LS6 1
17 July 2017,2-885196958,LASBT Private,Noise Nuisance,LS28 5
14 July 2017,2-884970627,LASBT Private,Noise Nuisance,LS16 7
14 July 2017,2-884989133,LASBT Private,Noise Nuisance,LS13 3
17 July 2017,2-885176150,Tenancy Breach,Noise Nuisance,LS12 5
14 July 2017,2-884991952,LASBT ALMO,Noise Nuisance,LS12 5
17 July 2017,2-885150769,LASBT Private,Noise Nuisance,LS28 8
17 July 2017,2-885156234,LASBT ALMO,Noise Nuisance,LS16 6
14 July 2017,2-885054815,LASBT Private,Noise Nuisance,LS6 3
14 July 2017,2-885083167,LASBT Private,Noise Nuisance,LS6 1
03 July 2017,2-883287579,LASBT Private,Noise Nuisance,LS6 4
03 July 2017,2-883331416,LASBT Private,Noise Nuisance,LS5 3
03 July 2017,2-883303765,Tenancy Breach,Noise Nuisance,LS8 1
31 July 2017,2-887047949,Tenancy Breach,Noise Nuisance,LS14 6
03 July 2017,2-883344124,Tenancy Breach,Noise Nuisance,LS11 9
31 July 2017,2-887049849,LASBT ALMO,Noise Nuisance,LS7 1
31 July 2017,2-887033720,LASBT ALMO,Noise Nuisance,LS12 5
31 July 2017,2-887030600,Tenancy Breach,Noise Nuisance,LS12 1
03 July 2017,2-883362270,LASBT ALMO,Noise Nuisance,LS11 5
03 July 2017,2-883367783,Tenancy Breach,Noise Nuisance,LS14 6
03 July 2017,2-883353513,Tenancy Breach,Noise Nuisance,LS12 3
03 July 2017,2-883353744,Tenancy Breach,Noise Nuisance,LS12 3
03 July 2017,2-883383130,Tenancy Breach,Noise Nuisance,LS8 3
03 July 2017,2-883388573,LASBT ALMO,Noise Nuisance,LS11 5
03 July 2017,2-883391672,Tenancy Breach,Noise Nuisance,LS6 2
31 July 2017,2-887027345,Tenancy Breach,Noise Nuisance,LS13 4
03 July 2017,2-883442668,Tenancy Breach,Noise Nuisance,LS8 3
03 July 2017,2-883457579,LASBT Private,Noise Nuisance,LS8 3
03 July 2017,2-883465515,Tenancy Breach,Noise Nuisance,LS12 3
31 July 2017,2-887021058,LASBT ALMO,Noise Nuisance,LS13 2
03 July 2017,2-883479102,LASBT Private,Noise Nuisance,LS6 2
03 July 2017,2-883487990,Tenancy Breach,Noise Nuisance,LS26 0
31 July 2017,2-887001059,LASBT ALMO,Noise Nuisance,LS13 1
03 July 2017,2-883497791,LASBT Private,Noise Nuisance,LS12 4
31 July 2017,2-886993081,Tenancy Breach,Noise Nuisance,LS9 6
04 July 2017,2-883552215,LASBT Private,Noise Nuisance,LS15 7
04 July 2017,2-883544297,Tenancy Breach,Noise Nuisance,LS15 0
04 July 2017,2-883546727,Tenancy Breach,Noise Nuisance,LS27 7
31 July 2017,2-886986353,Tenancy Breach,Noise Nuisance,LS8 3
04 July 2017,2-883575234,LASBT Private,Noise Nuisance,LS9 0
04 July 2017,2-883593334,LASBT Private,Noise Nuisance,LS2 9
04 July 2017,2-883622917,LASBT Private,Noise Nuisance,LS7 2
04 July 2017,2-883648926,Tenancy Breach,Noise Nuisance,LS12 3
04 July 2017,2-883634813,LASBT ALMO,Noise Nuisance,LS9 9
28 July 2017,2-886796402,LASBT ALMO,Noise Nuisance,LS14 1
04 July 2017,2-883661063,Tenancy Breach,Noise Nuisance,LS9 6
04 July 2017,2-883678280,LASBT ALMO,Noise Nuisance,LS12 1
05 July 2017,2-883699081,Tenancy Breach,Noise Nuisance,LS21 1
28 July 2017,2-886773616,Tenancy Breach,Noise Nuisance,LS25 1
28 July 2017,2-886740857,Tenancy Breach,Noise Nuisance,LS5 3
28 July 2017,2-886752094,Tenancy Breach,Noise Nuisance,LS17 5
05 July 2017,2-883713169,LASBT Private,Noise Nuisance,LS13 3
28 July 2017,2-886678698,Tenancy Breach,Noise Nuisance,LS9 7
05 July 2017,2-883757684,LASBT ALMO,Noise Nuisance,LS9 7
27 July 2017,2-886685057,Tenancy Breach,Noise Nuisance,LS10 2
27 July 2017,2-886666543,Tenancy Breach,Noise Nuisance,LS14 1
27 July 2017,2-886643640,Tenancy Breach,Noise Nuisance,LS22 6
27 July 2017,2-886614213,Tenancy Breach,Noise Nuisance,LS21 2
27 July 2017,2-886601633,LASBT Private,Noise Nuisance,LS21 2
27 July 2017,2-886609120,Tenancy Breach,Noise Nuisance,LS11 0
27 July 2017,2-886582856,Tenancy Breach,Noise Nuisance,LS16 6
05 July 2017,2-883792897,Tenancy Breach,Noise Nuisance,LS16 6
05 July 2017,2-883794769,Tenancy Breach,Noise Nuisance,LS14 2
27 July 2017,2-886554791,Tenancy Breach,Noise Nuisance,LS10 3
05 July 2017,2-883859001,LASBT Private,Noise Nuisance,LS6 1
06 July 2017,2-883861388,LASBT Private,Noise Nuisance,LS19 6
06 July 2017,2-883861738,LASBT Private,Noise Nuisance,LS6 1
06 July 2017,2-883874218,Tenancy Breach,Noise Nuisance,LS13 2
06 July 2017,2-883883936,LASBT Private,Noise Nuisance,LS12 5
06 July 2017,2-883872805,LASBT Private,Noise Nuisance,LS13 4
26 July 2017,2-886475124,LASBT ALMO,Noise Nuisance,LS25 3
26 July 2017,2-886466042,Tenancy Breach,Noise Nuisance,LS22 7
26 July 2017,2-886391920,LASBT ALMO,Noise Nuisance,LS13 4
26 July 2017,2-886394092,Tenancy Breach,Noise Nuisance,LS26 8
06 July 2017,2-883933306,Tenancy Breach,Noise Nuisance,LS12 3
25 July 2017,2-886361489,Tenancy Breach,Noise Nuisance,LS14 1
25 July 2017,2-886340464,LASBT ALMO,Noise Nuisance,WF10 2
25 July 2017,2-886296774,LASBT ALMO,Noise Nuisance,LS10 3
06 July 2017,2-883951409,Tenancy Breach,Noise Nuisance,LS14 5
25 July 2017,2-886310035,Tenancy Breach,Noise Nuisance,LS7 4
06 July 2017,2-883975376,LASBT ALMO,Noise Nuisance,LS11 5
06 July 2017,2-883970378,LASBT Private,Noise Nuisance,LS6 1
25 July 2017,2-886243633,LASBT ALMO,Noise Nuisance,LS26 8
25 July 2017,2-886229771,Tenancy Breach,Noise Nuisance,LS9 7
25 July 2017,2-886219457,Tenancy Breach,Noise Nuisance,LS13 4
06 July 2017,2-883996897,LASBT ALMO,Noise Nuisance,LS7 2
07 July 2017,2-884004599,LASBT ALMO,Noise Nuisance,LS12 3
07 July 2017,2-884041154,Tenancy Breach,Noise Nuisance,LS6 2
25 July 2017,2-886192383,Tenancy Breach,Noise Nuisance,LS6 2
07 July 2017,2-884056033,LASBT ALMO,Noise Nuisance,LS13 2
24 July 2017,2-886179775,Tenancy Breach,Noise Nuisance,LS14 1
24 July 2017,2-886146566,Tenancy Breach,Noise Nuisance,LS6 2
24 July 2017,2-886122130,LASBT ALMO,Noise Nuisance,LS27 8
07 July 2017,2-884080500,LASBT Private,Noise Nuisance,LS6 1
24 July 2017,2-886080250,Tenancy Breach,Noise Nuisance,LS13 1
07 July 2017,2-884087620,Tenancy Breach,Noise Nuisance,LS14 1
24 July 2017,2-886081972,LASBT Private,Noise Nuisance,LS10 3
24 July 2017,2-886086319,Tenancy Breach,Noise Nuisance,LS28 8
24 July 2017,2-886075666,Tenancy Breach,Noise Nuisance,LS9 7
24 July 2017,2-886081626,Tenancy Breach,Noise Nuisance,LS14 1
24 July 2017,2-886047988,LASBT ALMO,Noise Nuisance,LS15 0
07 July 2017,2-884126412,LASBT ALMO,Noise Nuisance,LS5 3
07 July 2017,2-884139087,Tenancy Breach,Noise Nuisance,LS17 7
24 July 2017,2-886052676,Tenancy Breach,Noise Nuisance,LS22 6
07 July 2017,2-884157596,Tenancy Breach,Noise Nuisance,LS5 3
07 July 2017,2-884172979,Tenancy Breach,Noise Nuisance,LS6 2
07 July 2017,2-884162331,LASBT ALMO,Noise Nuisance,LS13 1
24 July 2017,2-886005859,Tenancy Breach,Noise Nuisance,LS13 1
10 July 2017,2-884273920,LASBT Private,Noise Nuisance,LS16 6
10 July 2017,2-884276330,Tenancy Breach,Noise Nuisance,LS10 4
24 July 2017,2-886005624,Tenancy Breach,Noise Nuisance,LS14 1
21 July 2017,2-885957582,LASBT Private,Noise Nuisance,LS3 1
21 July 2017,2-885957404,LASBT Private,Noise Nuisance,LS28 7
10 July 2017,2-884263826,Tenancy Breach,Noise Nuisance,LS12 5
21 July 2017,2-885911157,Tenancy Breach,Noise Nuisance,LS17 6
10 July 2017,2-884343192,LASBT ALMO,Noise Nuisance,LS9 7
10 July 2017,2-884328443,Tenancy Breach,Noise Nuisance,LS13 2
21 July 2017,2-885890802,Tenancy Breach,Noise Nuisance,LS13 1
21 July 2017,2-885843788,LASBT Private,Noise Nuisance,LS6 1
21 July 2017,2-885846135,Tenancy Breach,Noise Nuisance,LS11 0
20 July 2017,2-885822361,LASBT ALMO,Noise Nuisance,LS12 1
10 July 2017,2-884377344,LASBT Private,Noise Nuisance,LS17 5
20 July 2017,2-885781653,Tenancy Breach,Noise Nuisance,LS9 7
20 July 2017,2-885782089,Tenancy Breach,Noise Nuisance,LS14 1
20 July 2017,2-885736490,LASBT Private,Noise Nuisance,LS20 9
11 July 2017,2-884483880,LASBT ALMO,Noise Nuisance,LS27 0
20 July 2017,2-885728646,Tenancy Breach,Noise Nuisance,LS16 6
11 July 2017,2-884510860,Tenancy Breach,Noise Nuisance,LS12 5
20 July 2017,2-885724346,Tenancy Breach,Noise Nuisance,LS9 7
20 July 2017,2-885689749,Tenancy Breach,Noise Nuisance,LS28 9
20 July 2017,2-885680699,Tenancy Breach,Noise Nuisance,LS15 0
11 July 2017,2-884563917,Tenancy Breach,Noise Nuisance,LS12 3
11 July 2017,2-884595562,LASBT ALMO,Noise Nuisance,LS28 7
19 July 2017,2-885599268,Tenancy Breach,Noise Nuisance,LS9 7
19 July 2017,2-885500588,Tenancy Breach,Noise Nuisance,LS8 3
12 July 2017,2-884639611,Tenancy Breach,Noise Nuisance,LS22 6
19 July 2017,2-885533710,LASBT ALMO,Noise Nuisance,LS18 4
19 July 2017,2-885541140,Tenancy Breach,Noise Nuisance,LS14 1
19 July 2017,2-885536555,LASBT Private,Noise Nuisance,LS18 4
19 July 2017,2-885533527,LASBT ALMO,Noise Nuisance,LS5 3
19 July 2017,2-885520942,Tenancy Breach,Noise Nuisance,WF3 1
12 July 2017,2-884749227,Tenancy Breach,Noise Nuisance,LS14 6
19 July 2017,2-885534115,Tenancy Breach,Noise Nuisance,LS17 6
13 July 2017,2-884800433,Tenancy Breach,Noise Nuisance,LS10 2
13 July 2017,2-884818392,Tenancy Breach,Noise Nuisance,LS14 6
19 July 2017,2-885510463,LASBT ALMO,Noise Nuisance,LS13 2
19 July 2017,2-885510109,LASBT Private,Noise Nuisance,LS6 3
18 July 2017,2-885496559,Tenancy Breach,Noise Nuisance,LS12 3
13 July 2017,2-884850866,Tenancy Breach,Noise Nuisance,LS18 5
13 July 2017,2-884890173,Tenancy Breach,Noise Nuisance,LS12 5
18 July 2017,2-885302823,LASBT ALMO,Noise Nuisance,LS11 6
13 July 2017,2-884902143,LASBT ALMO,Noise Nuisance,LS6 1
17 July 2017,2-885282832,Tenancy Breach,Noise Nuisance,LS6 3
13 July 2017,2-884895689,Tenancy Breach,Noise Nuisance,LS13 2
17 July 2017,2-885277335,Tenancy Breach,Noise Nuisance,LS12 3
13 July 2017,2-884903369,LASBT ALMO,Noise Nuisance,LS12 1
17 July 2017,2-885231121,LASBT Private,Noise Nuisance,LS21 3
17 July 2017,2-885197092,LASBT Private,Noise Nuisance,LS11 8
14 July 2017,2-884967368,LASBT Private,Noise Nuisance,LS27 8
17 July 2017,2-885175920,LASBT Private,Noise Nuisance,LS26 8
17 July 2017,2-885172807,LASBT Private,Noise Nuisance,LS8 1
17 July 2017,2-885180036,Tenancy Breach,Noise Nuisance,LS12 2
17 July 2017,2-885155407,Tenancy Breach,Noise Nuisance,LS26 0
14 July 2017,2-885069824,Tenancy Breach,Noise Nuisance,LS14 1
01 August 2017,2-887125061,LASBT Private,Noise Nuisance,LS8 3
01 August 2017,2-887125462,LASBT Private,Noise Nuisance,LS7 2
01 August 2017,2-887145974,LASBT Private,Noise Nuisance,LS9 9
01 August 2017,2-887174902,LASBT Private,Noise Nuisance,LS17 5
01 August 2017,2-887204025,LASBT Private,Noise Nuisance,LS9 9
30 August 2017,2-890539182,LASBT Private,Noise Nuisance,LS17 5
30 August 2017,2-890539082,LASBT Private,Noise Nuisance,LS9 8
01 August 2017,2-887204692,LASBT Private,Noise Nuisance,LS8 2
30 August 2017,2-890500150,LASBT ALMO,Noise Nuisance,LS15 7
30 August 2017,2-890478250,LASBT Private,Noise Nuisance,LS9 9
30 August 2017,2-890462230,LASBT Private,Noise Nuisance,LS8 2
30 August 2017,2-890457356,LASBT Private,Noise Nuisance,LS8 5
02 August 2017,2-887318775,LASBT Private,Noise Nuisance,LS8 2
30 August 2017,2-890415768,LASBT Private,Noise Nuisance,LS7 3
02 August 2017,2-887341447,LASBT Private,Noise Nuisance,LS14 6
02 August 2017,2-887341408,LASBT Private,Noise Nuisance,LS7 1
02 August 2017,2-887380318,LASBT Private,Noise Nuisance,LS8 5
03 August 2017,2-887497223,LASBT Private,Noise Nuisance,LS8 3
03 August 2017,2-887506353,Tenancy Breach,Noise Nuisance,LS8 3
03 August 2017,2-887497902,LASBT Private,Noise Nuisance,LS9 9
29 August 2017,2-890259054,LASBT Private,Noise Nuisance,LS17 6
29 August 2017,2-890233487,LASBT Private,Noise Nuisance,LS7 3
29 August 2017,2-890217041,LASBT ALMO,Noise Nuisance,LS14 6
03 August 2017,2-887585256,Tenancy Breach,Noise Nuisance,LS8 5
04 August 2017,2-887598605,LASBT Private,Noise Nuisance,LS14 6
04 August 2017,2-887629221,LASBT Private,Noise Nuisance,LS8 5
25 August 2017,2-890172265,LASBT Private,Noise Nuisance,LS9 6
04 August 2017,2-887708114,LASBT Private,Noise Nuisance,LS8 3
25 August 2017,2-890105128,LASBT Private,Noise Nuisance,LS6 4
04 August 2017,2-887743731,LASBT Private,Noise Nuisance,LS6 4
07 August 2017,2-887811443,LASBT Private,Noise Nuisance,LS9 7
23 August 2017,2-889866668,LASBT Private,Noise Nuisance,LS7 4
23 August 2017,2-889855401,LASBT Private,Noise Nuisance,LS7 2
23 August 2017,2-889832649,LASBT Private,Noise Nuisance,LS17 9
07 August 2017,2-887922915,LASBT ALMO,Noise Nuisance,LS8 1
07 August 2017,2-887935530,LASBT Private,Noise Nuisance,LS14 6
23 August 2017,2-889839766,LASBT Private,Noise Nuisance,LS9 9
07 August 2017,2-887945691,LASBT Private,Noise Nuisance,LS14 6
07 August 2017,2-887945734,LASBT Private,Noise Nuisance,LS17 6
08 August 2017,2-887972578,LASBT Private,Noise Nuisance,LS8 3
08 August 2017,2-887976986,Tenancy Breach,Noise Nuisance,LS17 5
08 August 2017,2-888008156,LASBT Private,Noise Nuisance,LS8 1
08 August 2017,2-888036735,LASBT Private,Noise Nuisance,LS7 4
22 August 2017,2-889731032,LASBT Private,Noise Nuisance,LS8 5
22 August 2017,2-889711936,LASBT Private,Noise Nuisance,LS22 6
22 August 2017,2-889666872,LASBT Private,Noise Nuisance,LS17 8
22 August 2017,2-889666319,LASBT ALMO,Noise Nuisance,LS14 6
09 August 2017,2-888133996,LASBT Private,Noise Nuisance,LS23 6
22 August 2017,2-889639957,LASBT ALMO,Noise Nuisance,LS14 1
22 August 2017,2-889639436,LASBT ALMO,Noise Nuisance,LS7 2
22 August 2017,2-889624272,LASBT Private,Noise Nuisance,LS9 6
09 August 2017,2-888206259,LASBT ALMO,Noise Nuisance,LS14 5
22 August 2017,2-889604967,LASBT Private,Noise Nuisance,LS7 4
09 August 2017,2-888238165,LASBT Private,Noise Nuisance,LS14 1
21 August 2017,2-889585690,LASBT Private,Noise Nuisance,LS9 6
10 August 2017,2-888358344,LASBT ALMO,Noise Nuisance,LS7 2
21 August 2017,2-889532792,LASBT Private,Noise Nuisance,LS9 6
10 August 2017,2-888371291,LASBT Private,Noise Nuisance,LS8 3
11 August 2017,2-888430858,LASBT ALMO,Noise Nuisance,LS9 7
11 August 2017,2-888495237,LASBT Private,Noise Nuisance,LS22 7
21 August 2017,2-889455895,LASBT Private,Noise Nuisance,LS9 9
21 August 2017,2-889463263,LASBT Private,Noise Nuisance,LS9 6
18 August 2017,2-889290072,LASBT Private,Noise Nuisance,LS7 3
17 August 2017,2-889241031,LASBT Private,Noise Nuisance,LS8 2
17 August 2017,2-889200326,LASBT Private,Noise Nuisance,LS7 2
17 August 2017,2-889184594,LASBT Private,Noise Nuisance,LS17 5
17 August 2017,2-889162311,LASBT Private,Noise Nuisance,LS9 7
17 August 2017,2-889134556,LASBT ALMO,Noise Nuisance,LS9 9
17 August 2017,2-889118317,LASBT Private,Noise Nuisance,LS9 9
17 August 2017,2-889118263,LASBT Private,Noise Nuisance,LS17 6
17 August 2017,2-889118045,LASBT Private,Noise Nuisance,LS8 3
15 August 2017,2-888917571,LASBT Private,Noise Nuisance,LS7 4
31 August 2017,2-890662271,LASBT Private,Noise Nuisance,LS14 5
01 August 2017,2-887180680,Tenancy Breach,Noise Nuisance,BD11 1
30 August 2017,2-890491121,LASBT Private,Noise Nuisance,LS27 0
30 August 2017,2-890477699,LASBT ALMO,Noise Nuisance,WF3 1
30 August 2017,2-890462770,LASBT Private,Noise Nuisance,LS27 7
01 August 2017,2-887245208,LASBT Private,Noise Nuisance,LS11 7
30 August 2017,2-890460037,LASBT Private,Noise Nuisance,LS27 0
01 August 2017,2-887245644,LASBT Private,Noise Nuisance,LS27 9
01 August 2017,2-887259526,Tenancy Breach,Noise Nuisance,LS27 7
02 August 2017,2-887425025,LASBT Private,Noise Nuisance,LS11 6
30 August 2017,2-890410469,Tenancy Breach,Noise Nuisance,LS11 0
29 August 2017,2-890333727,LASBT Private,Noise Nuisance,LS27 9
03 August 2017,2-887455761,LASBT Private,Noise Nuisance,LS15 0
29 August 2017,2-890326502,LASBT Private,Noise Nuisance,LS15 0
29 August 2017,2-890299355,LASBT Private,Noise Nuisance,LS15 7
29 August 2017,2-890284483,LASBT Private,Noise Nuisance,LS10 1
29 August 2017,2-890284055,LASBT Private,Noise Nuisance,LS27 9
29 August 2017,2-890259847,LASBT Private,Noise Nuisance,LS27 9
29 August 2017,2-890240585,LASBT Private,Noise Nuisance,LS27 8
25 August 2017,2-890179793,Tenancy Breach,Noise Nuisance,LS27 9
25 August 2017,2-890144893,LASBT Private,Noise Nuisance,LS11 0
25 August 2017,2-890152038,LASBT Private,Noise Nuisance,WF3 2
04 August 2017,2-887751076,LASBT Private,Noise Nuisance,LS10 3
04 August 2017,2-887751783,Tenancy Breach,Noise Nuisance,LS27 7
07 August 2017,2-887818089,LASBT Private,Noise Nuisance,LS10 1
25 August 2017,2-890038874,LASBT Private,Noise Nuisance,LS11 7
24 August 2017,2-889967906,LASBT Private,Noise Nuisance,LS10 4
24 August 2017,2-889896969,LASBT Private,Noise Nuisance,LS25 4
07 August 2017,2-887900582,LASBT ALMO,Noise Nuisance,WF3 1
23 August 2017,2-889887663,Tenancy Breach,Noise Nuisance,LS26 9
07 August 2017,2-887903474,LASBT Private,Noise Nuisance,LS14 2
23 August 2017,2-889782158,LASBT Private,Noise Nuisance,WF3 3
23 August 2017,2-889766893,LASBT Private,Noise Nuisance,LS27 0
08 August 2017,2-888019972,LASBT Private,Noise Nuisance,LS26 8
22 August 2017,2-889712840,LASBT ALMO,Noise Nuisance,LS26 8
22 August 2017,2-889675776,LASBT Private,Noise Nuisance,LS26 8
08 August 2017,2-888128093,Tenancy Breach,Noise Nuisance,LS27 9
22 August 2017,2-889624860,LASBT Private,Noise Nuisance,WF3 2
22 August 2017,2-889624330,LASBT Private,Noise Nuisance,LS15 7
09 August 2017,2-888170983,LASBT Private,Noise Nuisance,WF3 3
09 August 2017,2-888248210,LASBT Private,Noise Nuisance,LS25 1
09 August 2017,2-888248559,LASBT Private,Noise Nuisance,LS27 9
09 August 2017,2-888248689,LASBT Private,Noise Nuisance,LS11 6
10 August 2017,2-888306755,LASBT Private,Noise Nuisance,LS25 7
21 August 2017,2-889545609,LASBT Private,Noise Nuisance,LS2 7
10 August 2017,2-888379275,LASBT ALMO,Noise Nuisance,WF3 1
10 August 2017,2-888386391,LASBT Private,Noise Nuisance,LS26 0
11 August 2017,2-888432740,LASBT Private,Noise Nuisance,LS10 3
21 August 2017,2-889517396,LASBT Private,Noise Nuisance,LS27 0
21 August 2017,2-889459151,LASBT Private,Noise Nuisance,LS1 4
21 August 2017,2-889449484,LASBT Private,Noise Nuisance,LS15 9
11 August 2017,2-888525991,Tenancy Breach,Noise Nuisance,LS27 7
21 August 2017,2-889428872,LASBT Private,Noise Nuisance,LS15 7
21 August 2017,2-889428493,LASBT Private,Noise Nuisance,LS25 1
18 August 2017,2-889391530,LASBT Private,Noise Nuisance,BD11 1
14 August 2017,2-888605648,LASBT Private,Noise Nuisance,LS27 0
18 August 2017,2-889326204,LASBT Private,Noise Nuisance,LS27 9
14 August 2017,2-888601749,LASBT Private,Noise Nuisance,LS11 8
14 August 2017,2-888666764,LASBT Private,Noise Nuisance,LS15 8
14 August 2017,2-888686005,LASBT Private,Noise Nuisance,LS11 9
14 August 2017,2-888666829,LASBT Private,Noise Nuisance,LS14 5
17 August 2017,2-889224597,LASBT Private,Noise Nuisance,LS11 8
14 August 2017,2-888686743,LASBT Private,Noise Nuisance,LS27 0
14 August 2017,2-888714295,LASBT Private,Noise Nuisance,LS26 8
14 August 2017,2-888734657,LASBT Private,Noise Nuisance,LS26 0
17 August 2017,2-889153412,LASBT Private,Noise Nuisance,LS10 2
17 August 2017,2-889135182,LASBT Private,Noise Nuisance,WF3 1
14 August 2017,2-888769271,LASBT Private,Noise Nuisance,LS11 6
17 August 2017,2-889150012,LASBT Private,Noise Nuisance,LS10 2
14 August 2017,2-888781142,Tenancy Breach,Noise Nuisance,LS10 4
15 August 2017,2-888778754,Tenancy Breach,Noise Nuisance,WF3 3
16 August 2017,2-889088485,LASBT Private,Noise Nuisance,LS11 8
16 August 2017,2-889035166,LASBT ALMO,Noise Nuisance,LS11 0
15 August 2017,2-888851721,LASBT ALMO,Noise Nuisance,LS10 3
16 August 2017,2-889035045,LASBT Private,Noise Nuisance,LS26 8
16 August 2017,2-889011905,LASBT Private,Noise Nuisance,LS11 6
16 August 2017,2-888985987,LASBT Private,Noise Nuisance,LS10 4
16 August 2017,2-888973181,LASBT Private,Noise Nuisance,LS27 7
01 August 2017,2-887094917,LASBT Private,Noise Nuisance,NU
01 August 2017,2-887132154,LASBT Private,Noise Nuisance,LS6 3
01 August 2017,2-887132806,LASBT Private,Noise Nuisance,LS4 2
01 August 2017,2-887139433,LASBT Private,Noise Nuisance,LS28 7
01 August 2017,2-887139570,LASBT ALMO,Noise Nuisance,LS6 2
01 August 2017,2-887139729,LASBT Private,Noise Nuisance,LS13 4
31 August 2017,2-890656642,LASBT Private,Noise Nuisance,LS2 9
31 August 2017,2-890601188,LASBT Private,Noise Nuisance,LS3 1
01 August 2017,2-887229238,LASBT Private,Noise Nuisance,LS20 8
30 August 2017,2-890459671,LASBT Private,Noise Nuisance,LS13 2
30 August 2017,2-890460485,LASBT Private,Noise Nuisance,LS6 3
02 August 2017,2-887289724,LASBT Private,Noise Nuisance,LS28 6
30 August 2017,2-890460257,LASBT Private,Noise Nuisance,LS13 2
30 August 2017,2-890460090,LASBT Private,Noise Nuisance,LS19 6
02 August 2017,2-887302885,LASBT Private,Noise Nuisance,LS6 3
30 August 2017,2-890448873,LASBT Private,Noise Nuisance,LS6 3
30 August 2017,2-890453211,LASBT Private,Noise Nuisance,LS12 4
30 August 2017,2-890453094,LASBT Private,Noise Nuisance,LS6 1
30 August 2017,2-890416779,LASBT Private,Noise Nuisance,LS6 1
30 August 2017,2-890405560,LASBT Private,Noise Nuisance,LS6 3
30 August 2017,2-890405531,LASBT Private,Noise Nuisance,LS6 1
29 August 2017,2-890398626,LASBT Private,Noise Nuisance,LS6 1
29 August 2017,2-890320111,Tenancy Breach,Noise Nuisance,LS6 3
03 August 2017,2-887511584,Tenancy Breach,Noise Nuisance,LS29 6
29 August 2017,2-890260977,LASBT Private,Noise Nuisance,LS4 2
03 August 2017,2-887544657,LASBT Private,Noise Nuisance,LS6 3
29 August 2017,2-890260075,LASBT Private,Noise Nuisance,LS12 2
26 August 2017,2-890209156,LASBT Private,Noise Nuisance,LS13 4
26 August 2017,2-890209097,LASBT Private,Noise Nuisance,LS6 3
04 August 2017,2-887572769,LASBT Private,Noise Nuisance,LS12 2
25 August 2017,2-890162303,LASBT Private,Noise Nuisance,LS6 1
25 August 2017,2-890144544,LASBT Private,Noise Nuisance,LS19 7
25 August 2017,2-890144356,LASBT ALMO,Noise Nuisance,LS13 2
25 August 2017,2-890132759,LASBT Private,Noise Nuisance,LS6 1
04 August 2017,2-887696282,LASBT Private,Noise Nuisance,LS13 1
25 August 2017,2-890132063,LASBT Private,Noise Nuisance,LS13 1
25 August 2017,2-890112122,LASBT Private,Noise Nuisance,LS6 3
25 August 2017,2-890105529,LASBT ALMO,Noise Nuisance,LS2 9
25 August 2017,2-890105437,LASBT Private,Noise Nuisance,LS3 1
25 August 2017,2-890090280,LASBT Private,Noise Nuisance,LS29 6
25 August 2017,2-890074697,LASBT Private,Noise Nuisance,LS12 6
25 August 2017,2-890039771,LASBT ALMO,Noise Nuisance,LS18 4
25 August 2017,2-890057729,LASBT Private,Noise Nuisance,LS6 1
07 August 2017,2-887821560,LASBT Private,Noise Nuisance,LS6 4
07 August 2017,2-887821742,LASBT Private,Noise Nuisance,LS28 6
07 August 2017,2-887855454,LASBT Private,Noise Nuisance,LS6 1
24 August 2017,2-889975406,LASBT Private,Noise Nuisance,LS16 9
24 August 2017,2-889970347,LASBT Private,Noise Nuisance,LS20 8
23 August 2017,2-889837759,LASBT ALMO,Noise Nuisance,LS13 2
07 August 2017,2-887949137,Tenancy Breach,Noise Nuisance,LS18 4
08 August 2017,2-887985384,LASBT Private,Noise Nuisance,LS6 3
08 August 2017,2-887988338,LASBT Private,Noise Nuisance,LS4 2
08 August 2017,2-887995238,LASBT Private,Noise Nuisance,LS6 1
08 August 2017,2-888013772,LASBT Private,Noise Nuisance,LS13 2
08 August 2017,2-888108535,LASBT Private,Noise Nuisance,LS16 7
22 August 2017,2-889657388,Tenancy Breach,Noise Nuisance,LS16 7
22 August 2017,2-889657264,LASBT Private,Noise Nuisance,LS12 5
09 August 2017,2-888156741,LASBT Private,Noise Nuisance,LS12 2
22 August 2017,2-889636735,LASBT Private,Noise Nuisance,LS12 4
09 August 2017,2-888179486,LASBT Private,Noise Nuisance,LS4 2
09 August 2017,2-888165558,LASBT Private,Noise Nuisance,LS6 3
22 August 2017,2-889636355,LASBT Private,Noise Nuisance,LS6 3
22 August 2017,2-889636118,LASBT Private,Noise Nuisance,LS16 5
22 August 2017,2-889636060,LASBT Private,Noise Nuisance,LS4 2
09 August 2017,2-888238255,LASBT Private,Noise Nuisance,LS16 6
22 August 2017,2-889618992,LASBT Private,Noise Nuisance,LS3 1
22 August 2017,2-889618944,LASBT Private,Noise Nuisance,LS3 1
09 August 2017,2-888262390,LASBT Private,Noise Nuisance,LS6 3
09 August 2017,2-888262808,LASBT Private,Noise Nuisance,NU
22 August 2017,2-889605988,LASBT Private,Noise Nuisance,LS21 1
22 August 2017,2-889605931,LASBT Private,Noise Nuisance,LS12 3
22 August 2017,2-889605904,LASBT Private,Noise Nuisance,LS6 3
22 August 2017,2-889605757,LASBT Private,Noise Nuisance,LS5 3
22 August 2017,2-889605720,LASBT Private,Noise Nuisance,LS6 2
22 August 2017,2-889605515,LASBT Private,Noise Nuisance,LS6 1
22 August 2017,2-889605488,LASBT Private,Noise Nuisance,LS6 3
22 August 2017,2-889605379,LASBT ALMO,Noise Nuisance,LS13 4
22 August 2017,2-889605328,Tenancy Breach,Noise Nuisance,LS7 1
21 August 2017,2-889530950,LASBT Private,Noise Nuisance,LS4 2
21 August 2017,2-889536402,LASBT Private,Noise Nuisance,LS6 1
10 August 2017,2-888359919,Tenancy Breach,Noise Nuisance,LS6 2
18 August 2017,2-889401137,LASBT ALMO,Noise Nuisance,LS12 2
18 August 2017,2-889315058,LASBT Private,Noise Nuisance,LS6 1
17 August 2017,2-889206220,LASBT Private,Noise Nuisance,LS16 5
14 August 2017,2-888721889,LASBT Private,Noise Nuisance,LS19 7
14 August 2017,2-888761533,Tenancy Breach,Noise Nuisance,LS13 1
17 August 2017,2-889110793,LASBT Private,Noise Nuisance,LS12 2
15 August 2017,2-888836758,LASBT Private,Noise Nuisance,LS28 5
15 August 2017,2-888903839,LASBT Private,Noise Nuisance,LS12 5
01 August 2017,2-887093169,Tenancy Breach,Noise Nuisance,LS18 5
31 August 2017,2-890683598,Tenancy Breach,Noise Nuisance,LS14 1
31 August 2017,2-890689297,LASBT ALMO,Noise Nuisance,LS15 0
01 August 2017,2-887132532,LASBT ALMO,Noise Nuisance,LS12 5
01 August 2017,2-887132892,LASBT ALMO,Noise Nuisance,LS20 9
01 August 2017,2-887134197,Tenancy Breach,Noise Nuisance,LS14 6
31 August 2017,2-890679969,LASBT Private,Noise Nuisance,LS9 6
01 August 2017,2-887139272,LASBT ALMO,Noise Nuisance,LS6 2
01 August 2017,2-887151932,LASBT ALMO,Noise Nuisance,LS7 4
31 August 2017,2-890643456,LASBT ALMO,Noise Nuisance,LS8 2
31 August 2017,2-890632742,Tenancy Breach,Noise Nuisance,LS13 2
31 August 2017,2-890607383,Tenancy Breach,Noise Nuisance,LS12 3
31 August 2017,2-890596660,LASBT ALMO,Noise Nuisance,LS16 5
30 August 2017,2-890500903,LASBT ALMO,Noise Nuisance,LS14 1
30 August 2017,2-890500091,LASBT ALMO,Noise Nuisance,LS7 2
01 August 2017,2-887222713,Tenancy Breach,Noise Nuisance,LS27 9
02 August 2017,2-887274981,Tenancy Breach,Noise Nuisance,LS27 7
02 August 2017,2-887302045,Tenancy Breach,Noise Nuisance,LS9 7
02 August 2017,2-887294624,Tenancy Breach,Noise Nuisance,LS22 6
30 August 2017,2-890462146,Tenancy Breach,Noise Nuisance,LS23 6
30 August 2017,2-890415836,LASBT ALMO,Noise Nuisance,LS14 6
02 August 2017,2-887318954,Tenancy Breach,Noise Nuisance,LS15 0
02 August 2017,2-887330547,Tenancy Breach,Noise Nuisance,LS19 7
02 August 2017,2-887326735,Tenancy Breach,Noise Nuisance,LS28 8
02 August 2017,2-887364073,Tenancy Breach,Noise Nuisance,LS11 9
02 August 2017,2-887387615,Tenancy Breach,Noise Nuisance,N
02 August 2017,2-887400105,Tenancy Breach,Noise Nuisance,LS8 3
02 August 2017,2-887389875,LASBT ALMO,Noise Nuisance,LS7 2
02 August 2017,2-887403540,Tenancy Breach,Noise Nuisance,LS12 1
02 August 2017,2-887423311,Tenancy Breach,Noise Nuisance,LS8 3
30 August 2017,2-890448036,Tenancy Breach,Noise Nuisance,LS19 7
30 August 2017,2-890410848,Tenancy Breach,Noise Nuisance,LS7 4
30 August 2017,2-890415168,LASBT ALMO,Noise Nuisance,LS9 6
03 August 2017,2-887427918,Tenancy Breach,Noise Nuisance,LS9 0
03 August 2017,2-887416429,Tenancy Breach,Noise Nuisance,LS9 0
30 August 2017,2-890403955,Tenancy Breach,Noise Nuisance,LS9 7
30 August 2017,2-890426765,Tenancy Breach,Noise Nuisance,LS13 1
29 August 2017,2-890359089,LASBT Private,Noise Nuisance,LS13 3
03 August 2017,2-887490004,LASBT ALMO,Noise Nuisance,LS11 8
29 August 2017,2-890286890,Tenancy Breach,Noise Nuisance,LS9 6
03 August 2017,2-887453852,LASBT ALMO,Noise Nuisance,LS9 7
03 August 2017,2-887483488,Tenancy Breach,Noise Nuisance,LS12 4
03 August 2017,2-887489099,Tenancy Breach,Noise Nuisance,LS9 7
29 August 2017,2-890327204,LASBT ALMO,Noise Nuisance,LS21 2
03 August 2017,2-887497343,LASBT ALMO,Noise Nuisance,LS8 1
03 August 2017,2-887490775,LASBT ALMO,Noise Nuisance,LS19 7
03 August 2017,2-887473119,Tenancy Breach,Noise Nuisance,LS9 0
29 August 2017,2-890284448,Tenancy Breach,Noise Nuisance,LS10 4
29 August 2017,2-890211290,Tenancy Breach,Noise Nuisance,LS10 2
29 August 2017,2-890236409,LASBT ALMO,Noise Nuisance,LS20 9
29 August 2017,2-890287014,Tenancy Breach,Noise Nuisance,LS10 2
29 August 2017,2-890255144,Tenancy Breach,Noise Nuisance,LS27 8
29 August 2017,2-890251414,Tenancy Breach,Noise Nuisance,LS10 3
29 August 2017,2-890240348,Tenancy Breach,Noise Nuisance,LS9 0
29 August 2017,2-890233233,LASBT ALMO,Noise Nuisance,LS11 6
25 August 2017,2-890161888,Tenancy Breach,Noise Nuisance,LS9 0
04 August 2017,2-887598674,LASBT Private,Noise Nuisance,LS15 7
25 August 2017,2-890176034,Tenancy Breach,Noise Nuisance,LS14 1
25 August 2017,2-890137787,LASBT ALMO,Noise Nuisance,LS8 3
25 August 2017,2-890090524,LASBT ALMO,Noise Nuisance,LS14 1
04 August 2017,2-887724893,Tenancy Breach,Noise Nuisance,LS16 9
25 August 2017,2-890085509,LASBT Private,Noise Nuisance,LS13 3
04 August 2017,2-887750832,Tenancy Breach,Noise Nuisance,LS18 4
25 August 2017,2-890079206,LASBT ALMO,Noise Nuisance,LS10 4
25 August 2017,2-890067288,Tenancy Breach,Noise Nuisance,LS18 4
25 August 2017,2-890046812,LASBT Private,Noise Nuisance,LS6 3
24 August 2017,2-890030508,Tenancy Breach,Noise Nuisance,LS8 3
24 August 2017,2-889896479,Tenancy Breach,Noise Nuisance,LS9 6
07 August 2017,2-887825649,Tenancy Breach,Noise Nuisance,WF3 1
24 August 2017,2-890003396,LASBT Private,Noise Nuisance,LS17 9
24 August 2017,2-890011121,Tenancy Breach,Noise Nuisance,LS9 7
07 August 2017,2-887850483,Tenancy Breach,Noise Nuisance,LS14 6
07 August 2017,2-887857740,Tenancy Breach,Noise Nuisance,LS5 3
24 August 2017,2-889970691,LASBT Private,Noise Nuisance,LS13 3
24 August 2017,2-889964391,LASBT Private,Noise Nuisance,LS7 4
24 August 2017,2-889964374,Tenancy Breach,Noise Nuisance,LS7 4
24 August 2017,2-889937707,Tenancy Breach,Noise Nuisance,LS12 3
23 August 2017,2-889854653,Tenancy Breach,Noise Nuisance,LS27 7
07 August 2017,2-887922691,LASBT ALMO,Noise Nuisance,LS8 1
23 August 2017,2-889826872,Tenancy Breach,Noise Nuisance,WF10 2
07 August 2017,2-887942384,Tenancy Breach,Noise Nuisance,LS13 4
23 August 2017,2-889838521,Tenancy Breach,Noise Nuisance,LS13 2
08 August 2017,2-887957715,Tenancy Breach,Noise Nuisance,LS12 3
08 August 2017,2-887973677,Tenancy Breach,Noise Nuisance,LS23 6
23 August 2017,2-889810499,Tenancy Breach,Noise Nuisance,LS10 3
23 August 2017,2-889771755,LASBT ALMO,Noise Nuisance,LS14 6
08 August 2017,2-887952549,LASBT ALMO,Noise Nuisance,LS11 9
22 August 2017,2-889764138,LASBT ALMO,Noise Nuisance,LS9 0
22 August 2017,2-889742568,Tenancy Breach,Noise Nuisance,LS27 9
08 August 2017,2-887962768,Tenancy Breach,Noise Nuisance,LS7 4
22 August 2017,2-889732144,Tenancy Breach,Noise Nuisance,LS11 5
22 August 2017,2-889690080,LASBT ALMO,Noise Nuisance,LS16 5
08 August 2017,2-888086023,LASBT Private,Noise Nuisance,LS18 5
22 August 2017,2-889670255,Tenancy Breach,Noise Nuisance,LS7 1
08 August 2017,2-888093743,LASBT ALMO,Noise Nuisance,LS11 6
08 August 2017,2-888093803,LASBT ALMO,Noise Nuisance,LS14 5
22 August 2017,2-889639585,LASBT Private,Noise Nuisance,LS9 0
22 August 2017,2-889650125,Tenancy Breach,Noise Nuisance,WF10 2
22 August 2017,2-889613050,LASBT ALMO,Noise Nuisance,BD11 1
22 August 2017,2-889636194,Tenancy Breach,Noise Nuisance,LS12 5
09 August 2017,2-888190654,LASBT Private,Noise Nuisance,N
09 August 2017,2-888209880,LASBT ALMO,Noise Nuisance,LS12 5
22 August 2017,2-889618859,Tenancy Breach,Noise Nuisance,LS12 2
22 August 2017,2-889618769,Tenancy Breach,Noise Nuisance,LS21 2
09 August 2017,2-888255679,Tenancy Breach,Noise Nuisance,LS8 1
09 August 2017,2-888267845,Tenancy Breach,Noise Nuisance,LS12 2
09 August 2017,2-888293314,Tenancy Breach,Noise Nuisance,LS9 0
22 August 2017,2-889605632,Tenancy Breach,Noise Nuisance,LS13 3
10 August 2017,2-888324002,Tenancy Breach,Noise Nuisance,LS13 1
10 August 2017,2-888324849,Tenancy Breach,Noise Nuisance,LS14 6
10 August 2017,2-888362775,Tenancy Breach,Noise Nuisance,LS13 2
21 August 2017,2-889533795,LASBT Private,Noise Nuisance,LS14 1
11 August 2017,2-888477057,LASBT ALMO,Noise Nuisance,LS14 6
11 August 2017,2-888479266,Tenancy Breach,Noise Nuisance,LS13 2
11 August 2017,2-888466531,LASBT Private,Noise Nuisance,LS14 6
21 August 2017,2-889519906,LASBT Private,Noise Nuisance,LS13 3
21 August 2017,2-889515641,Tenancy Breach,Noise Nuisance,LS14 1
11 August 2017,2-888506515,Tenancy Breach,Noise Nuisance,LS1 4
21 August 2017,2-889476880,LASBT ALMO,Noise Nuisance,LS13 2
21 August 2017,2-889441996,LASBT ALMO,Noise Nuisance,WF3 3
21 August 2017,2-889447109,Tenancy Breach,Noise Nuisance,LS14 1
11 August 2017,2-888538831,Tenancy Breach,Noise Nuisance,LS7 1
11 August 2017,2-888557535,LASBT Private,Noise Nuisance,LS16 6
18 August 2017,2-889361917,Tenancy Breach,Noise Nuisance,LS13 3
18 August 2017,2-889362487,Tenancy Breach,Noise Nuisance,LS13 2
18 August 2017,2-889269559,LASBT Private,Noise Nuisance,LS28 6
14 August 2017,2-888631069,Tenancy Breach,Noise Nuisance,LS13 2
14 August 2017,2-888644045,Tenancy Breach,Noise Nuisance,LS13 2
14 August 2017,2-888633560,Tenancy Breach,Noise Nuisance,LS6 2
14 August 2017,2-888628680,LASBT ALMO,Noise Nuisance,LS14 1
18 August 2017,2-889339014,Tenancy Breach,Noise Nuisance,LS21 1
18 August 2017,2-889326589,LASBT ALMO,Noise Nuisance,LS7 2
18 August 2017,2-889303777,Tenancy Breach,Noise Nuisance,LS12 2
14 August 2017,2-888645786,LASBT ALMO,Noise Nuisance,LS6 4
14 August 2017,2-888666611,LASBT ALMO,Noise Nuisance,LS11 6
18 August 2017,2-889274223,LASBT ALMO,Noise Nuisance,LS25 2
14 August 2017,2-888677213,LASBT Private,Noise Nuisance,LS12 3
18 August 2017,2-889254516,LASBT ALMO,Noise Nuisance,LS13 1
17 August 2017,2-889241262,LASBT ALMO,Noise Nuisance,LS9 7
14 August 2017,2-888690800,LASBT ALMO,Noise Nuisance,LS7 4
14 August 2017,2-888696718,Tenancy Breach,Noise Nuisance,LS5 3
17 August 2017,2-889184552,LASBT ALMO,Noise Nuisance,LS10 4
14 August 2017,2-888714839,LASBT ALMO,Noise Nuisance,LS10 2
17 August 2017,2-889134769,Tenancy Breach,Noise Nuisance,LS27 7
17 August 2017,2-889148199,Tenancy Breach,Noise Nuisance,LS14 6
14 August 2017,2-888742883,LASBT ALMO,Noise Nuisance,LS13 2
17 August 2017,2-889118176,LASBT ALMO,Noise Nuisance,LS22 6
16 August 2017,2-889051235,LASBT Private,Noise Nuisance,LS11 8
16 August 2017,2-889043601,Tenancy Breach,Noise Nuisance,LS7 1
16 August 2017,2-889028989,LASBT ALMO,Noise Nuisance,LS12 3
15 August 2017,2-888858256,Tenancy Breach,Noise Nuisance,LS9 6
16 August 2017,2-889035099,LASBT Private,Noise Nuisance,LS26 0
16 August 2017,2-888998843,Tenancy Breach,Noise Nuisance,LS17 5
16 August 2017,2-888976941,Tenancy Breach,Noise Nuisance,LS3 1
16 August 2017,2-888933630,Tenancy Breach,Noise Nuisance,LS13 2
15 August 2017,2-888918042,LASBT ALMO,Noise Nuisance,LS11 6
15 August 2017,2-888894570,Tenancy Breach,Noise Nuisance,LS16 7
29 September 2017,2-893436905,LASBT Private,Noise Nuisance,LS9 6
04 September 2017,2-890929547,LASBT Private,Noise Nuisance,LS8 5
29 September 2017,2-893447044,LASBT Private,Noise Nuisance,LS7 4
04 September 2017,2-890972887,LASBT Private,Noise Nuisance,LS15 4
28 September 2017,2-893303631,LASBT Private,Noise Nuisance,LS14 6
28 September 2017,2-893303088,LASBT Private,Noise Nuisance,LS7 3
04 September 2017,2-891038620,LASBT ALMO,Noise Nuisance,LS14 6
27 September 2017,2-893239492,LASBT Private,Noise Nuisance,LS9 9
27 September 2017,2-893239441,LASBT ALMO,Noise Nuisance,LS14 1
27 September 2017,2-893245036,LASBT ALMO,Noise Nuisance,LS14 1
27 September 2017,2-893146760,LASBT Private,Noise Nuisance,LS7 4
26 September 2017,2-893128555,LASBT Private,Noise Nuisance,LS7 3
05 September 2017,2-891182976,LASBT ALMO,Noise Nuisance,LS9 0
26 September 2017,2-893130549,LASBT Private,Noise Nuisance,LS8 2
26 September 2017,2-893119559,Tenancy Breach,Noise Nuisance,LS8 5
05 September 2017,2-891220010,LASBT Private,Noise Nuisance,LS9 9
26 September 2017,2-893130414,LASBT Private,Noise Nuisance,LS23 6
26 September 2017,2-893130126,LASBT Private,Noise Nuisance,LS9 7
06 September 2017,2-891250277,LASBT Private,Noise Nuisance,LS8 3
26 September 2017,2-893093645,LASBT Private,Noise Nuisance,LS9 6
26 September 2017,2-893105813,LASBT ALMO,Noise Nuisance,LS7 2
26 September 2017,2-893093415,LASBT Private,Noise Nuisance,LS9 6
26 September 2017,2-893056425,LASBT Private,Noise Nuisance,LS8 5
25 September 2017,2-893020754,LASBT Private,Noise Nuisance,LS9 9
25 September 2017,2-893031308,LASBT Private,Noise Nuisance,LS8 5
07 September 2017,2-891452190,LASBT Private,Noise Nuisance,LS9 9
08 September 2017,2-891519966,LASBT Private,Noise Nuisance,LS17 7
08 September 2017,2-891559211,LASBT Private,Noise Nuisance,LS14 2
08 September 2017,2-891600051,LASBT Private,Noise Nuisance,LS14 6
22 September 2017,2-892871103,LASBT Private,Noise Nuisance,LS22 6
11 September 2017,2-891801461,LASBT Private,Noise Nuisance,LS7 3
21 September 2017,2-892774538,LASBT Private,Noise Nuisance,LS22 7
11 September 2017,2-891797402,LASBT Private,Noise Nuisance,LS8 5
21 September 2017,2-892725420,LASBT Private,Noise Nuisance,LS7 2
11 September 2017,2-891834278,LASBT Private,Noise Nuisance,LS8 3
12 September 2017,2-891899059,LASBT Private,Noise Nuisance,LS9 6
12 September 2017,2-891892793,LASBT Private,Noise Nuisance,LS9 8
20 September 2017,2-892613248,LASBT Private,Noise Nuisance,LS6 4
12 September 2017,2-891927651,LASBT Private,Noise Nuisance,LS9 6
19 September 2017,2-892575432,LASBT Private,Noise Nuisance,LS17 7
19 September 2017,2-892558879,LASBT Private,Noise Nuisance,LS8 1
12 September 2017,2-891960457,LASBT Private,Noise Nuisance,LS9 7
19 September 2017,2-892547210,LASBT Private,Noise Nuisance,LS14 6
19 September 2017,2-892515320,LASBT Private,Noise Nuisance,LS8 5
13 September 2017,2-892080849,LASBT ALMO,Noise Nuisance,LS7 2
13 September 2017,2-892109181,LASBT Private,Noise Nuisance,LS9 7
14 September 2017,2-892063911,LASBT Private,Noise Nuisance,LS17 6
14 September 2017,2-892151670,LASBT Private,Noise Nuisance,N
18 September 2017,2-892401918,LASBT Private,Noise Nuisance,LS8 5
15 September 2017,2-892272052,LASBT Private,Noise Nuisance,LS8 3
18 September 2017,2-892401924,LASBT Private,Noise Nuisance,LS9 9
18 September 2017,2-892401786,LASBT Private,Noise Nuisance,LS14 1
15 September 2017,2-892286449,LASBT Private,Noise Nuisance,LS7 3
18 September 2017,2-892401390,LASBT Private,Noise Nuisance,LS9 9
18 September 2017,2-892385677,LASBT Private,Noise Nuisance,LS8 3
01 September 2017,2-890751322,LASBT Private,Noise Nuisance,LS15 0
01 September 2017,2-890751437,LASBT Private,Noise Nuisance,LS10 1
01 September 2017,2-890751670,LASBT Private,Noise Nuisance,LS11 0
01 September 2017,2-890775830,LASBT Private,Noise Nuisance,LS10 1
01 September 2017,2-890790292,LASBT Private,Noise Nuisance,LS9 0
01 September 2017,2-890790501,LASBT ALMO,Noise Nuisance,LS12 3
01 September 2017,2-890790920,LASBT Private,Noise Nuisance,LS11 9
04 September 2017,2-890850430,LASBT Private,Noise Nuisance,LS25 7
29 September 2017,2-893440412,LASBT ALMO,Noise Nuisance,LS27 9
04 September 2017,2-890905414,LASBT Private,Noise Nuisance,LS25 7
04 September 2017,2-890915747,LASBT Private,Noise Nuisance,LS11 8
04 September 2017,2-890853977,LASBT Private,Noise Nuisance,LS26 8
04 September 2017,2-890929241,LASBT Private,Noise Nuisance,LS9 8
04 September 2017,2-890980618,LASBT Private,Noise Nuisance,LS27 8
28 September 2017,2-893334836,LASBT Private,Noise Nuisance,LS27 7
04 September 2017,2-890998283,LASBT Private,Noise Nuisance,WF3 1
28 September 2017,2-893330016,LASBT Private,Noise Nuisance,LS25 7
27 September 2017,2-893219526,LASBT Private,Noise Nuisance,LS10 4
05 September 2017,2-891086208,LASBT Private,Noise Nuisance,LS25 7
05 September 2017,2-891138656,LASBT Private,Noise Nuisance,LS27 7
05 September 2017,2-891138800,LASBT Private,Noise Nuisance,LS15 7
05 September 2017,2-891149354,LASBT Private,Noise Nuisance,LS25 7
26 September 2017,2-893141516,LASBT Private,Noise Nuisance,LS11 0
05 September 2017,2-891199153,LASBT Private,Noise Nuisance,LS25 7
05 September 2017,2-891199395,LASBT Private,Noise Nuisance,LS25 7
06 September 2017,2-891339212,LASBT Private,Noise Nuisance,WF3 1
26 September 2017,2-893047404,LASBT Private,Noise Nuisance,LS11 9
07 September 2017,2-891374329,LASBT Private,Noise Nuisance,WF10 2
07 September 2017,2-891374856,LASBT Private,Noise Nuisance,LS11 6
25 September 2017,2-893022162,LASBT Private,Noise Nuisance,LS27 7
25 September 2017,2-892997996,LASBT Private,Noise Nuisance,LS25 7
07 September 2017,2-891433108,LASBT ALMO,Noise Nuisance,LS10 2
07 September 2017,2-891428118,LASBT Private,Noise Nuisance,LS26 0
07 September 2017,2-891400708,LASBT Private,Noise Nuisance,WF3 1
25 September 2017,2-892913853,LASBT Private,Noise Nuisance,LS11 9
11 September 2017,2-891708268,LASBT ALMO,Noise Nuisance,LS27 9
22 September 2017,2-892846552,LASBT Private,Noise Nuisance,WF3 1
22 September 2017,2-892830427,LASBT Private,Noise Nuisance,LS10 4
22 September 2017,2-892827327,LASBT Private,Noise Nuisance,LS15 7
21 September 2017,2-892773089,LASBT Private,Noise Nuisance,LS10 4
21 September 2017,2-892693633,LASBT Private,Noise Nuisance,LS26 8
12 September 2017,2-891859568,LASBT Private,Noise Nuisance,LS15 0
12 September 2017,2-891879204,LASBT Private,Noise Nuisance,LS11 5
20 September 2017,2-892618610,LASBT Private,Noise Nuisance,LS27 9
13 September 2017,2-891978964,LASBT Private,Noise Nuisance,WF3 3
13 September 2017,2-892010550,LASBT Private,Noise Nuisance,WF3 2
13 September 2017,2-892078008,LASBT Private,Noise Nuisance,LS11 5
18 September 2017,2-892445738,LASBT Private,Noise Nuisance,LS10 1
18 September 2017,2-892445548,LASBT Private,Noise Nuisance,LS10 3
14 September 2017,2-892161111,LASBT Private,Noise Nuisance,LS11 0
14 September 2017,2-892161231,LASBT Private,Noise Nuisance,WF3 1
14 September 2017,2-892187496,LASBT Private,Noise Nuisance,LS7 1
15 September 2017,2-892252588,LASBT Private,Noise Nuisance,BD11 1
18 September 2017,2-892426121,LASBT Private,Noise Nuisance,LS11 6
18 September 2017,2-892402840,LASBT Private,Noise Nuisance,LS27 9
18 September 2017,2-892350368,LASBT Private,Noise Nuisance,LS11 6
18 September 2017,2-892372332,LASBT Private,Noise Nuisance,LS15 7
29 September 2017,2-893471485,LASBT Private,Noise Nuisance,NU
29 September 2017,2-893471391,LASBT Private,Noise Nuisance,LS4 2
29 September 2017,2-893471338,LASBT Private,Noise Nuisance,LS6 2
29 September 2017,2-893477524,Tenancy Breach,Noise Nuisance,LS6 3
01 September 2017,2-890713875,LASBT Private,Noise Nuisance,LS16 5
29 September 2017,2-893481409,LASBT Private,Noise Nuisance,LS6 2
29 September 2017,2-893481331,LASBT Private,Noise Nuisance,LS2 9
29 September 2017,2-893481207,LASBT Private,Noise Nuisance,LS6 1
29 September 2017,2-893481113,LASBT Private,Noise Nuisance,LS6 2
29 September 2017,2-893472957,LASBT Private,Noise Nuisance,LS6 1
29 September 2017,2-893472814,LASBT Private,Noise Nuisance,LS4 2
29 September 2017,2-893472485,LASBT Private,Noise Nuisance,LS12 4
29 September 2017,2-893468566,LASBT Private,Noise Nuisance,LS6 1
29 September 2017,2-893472280,LASBT Private,Noise Nuisance,LS2 9
29 September 2017,2-893448647,LASBT Private,Noise Nuisance,LS6 2
29 September 2017,2-893448193,LASBT Private,Noise Nuisance,LS2 9
04 September 2017,2-890931566,LASBT Private,Noise Nuisance,LS19 7
29 September 2017,2-893439569,LASBT Private,Noise Nuisance,LS13 2
29 September 2017,2-893439375,LASBT Private,Noise Nuisance,LS6 2
29 September 2017,2-893439293,LASBT Private,Noise Nuisance,LS13 2
29 September 2017,2-893439069,LASBT Private,Noise Nuisance,LS6 1
29 September 2017,2-893421925,LASBT ALMO,Noise Nuisance,LS12 5
04 September 2017,2-890980085,LASBT Private,Noise Nuisance,LS21 3
29 September 2017,2-893381933,Tenancy Breach,Noise Nuisance,LS12 5
29 September 2017,2-893382519,LASBT Private,Noise Nuisance,LS5 3
27 September 2017,2-893215860,LASBT Private,Noise Nuisance,LS6 1
05 September 2017,2-891102304,LASBT Private,Noise Nuisance,LS12 4
27 September 2017,2-893196742,LASBT Private,Noise Nuisance,LS6 1
26 September 2017,2-893098582,LASBT Private,Noise Nuisance,LS12 5
06 September 2017,2-891286405,LASBT Private,Noise Nuisance,LS6 1
06 September 2017,2-891286587,LASBT Private,Noise Nuisance,LS6 3
26 September 2017,2-893098312,LASBT Private,Noise Nuisance,LS6 1
26 September 2017,2-893098139,LASBT Private,Noise Nuisance,LS6 1
07 September 2017,2-891354734,Tenancy Breach,Noise Nuisance,LS16 7
07 September 2017,2-891431263,LASBT Private,Noise Nuisance,LS6 3
25 September 2017,2-893000819,LASBT Private,Noise Nuisance,LS4 2
25 September 2017,2-893000676,LASBT Private,Noise Nuisance,LS6 1
25 September 2017,2-893000608,LASBT Private,Noise Nuisance,LS6 1
25 September 2017,2-893000458,LASBT Private,Noise Nuisance,LS4 2
25 September 2017,2-893000411,LASBT Private,Noise Nuisance,LS6 1
25 September 2017,2-893000308,LASBT Private,Noise Nuisance,LS16 6
25 September 2017,2-893000261,LASBT Private,Noise Nuisance,LS13 2
07 September 2017,2-891447997,Tenancy Breach,Noise Nuisance,LS6 3
25 September 2017,2-893000038,LASBT ALMO,Noise Nuisance,LS12 2
25 September 2017,2-892985591,LASBT Private,Noise Nuisance,LS6 1
25 September 2017,2-892985138,LASBT Private,Noise Nuisance,LS6 1
22 September 2017,2-892888658,LASBT Private,Noise Nuisance,LS6 1
22 September 2017,2-892888569,LASBT Private,Noise Nuisance,LS6 1
22 September 2017,2-892888470,LASBT Private,Noise Nuisance,LS6 1
22 September 2017,2-892888292,LASBT Private,Noise Nuisance,LS6 1
22 September 2017,2-892888108,LASBT Private,Noise Nuisance,LS6 1
22 September 2017,2-892866888,LASBT Private,Noise Nuisance,LS12 3
22 September 2017,2-892854972,LASBT Private,Noise Nuisance,LS6 3
11 September 2017,2-891724565,LASBT Private,Noise Nuisance,LS12 3
11 September 2017,2-891740592,LASBT Private,Noise Nuisance,LS28 7
11 September 2017,2-891770207,LASBT ALMO,Noise Nuisance,LS13 4
22 September 2017,2-892829207,LASBT Private,Noise Nuisance,LS6 1
11 September 2017,2-891759644,LASBT Private,Noise Nuisance,LS2 9
22 September 2017,2-892829165,LASBT Private,Noise Nuisance,LS3 1
22 September 2017,2-892829033,LASBT Private,Noise Nuisance,LS6 1
11 September 2017,2-891783266,LASBT Private,Noise Nuisance,LS6 1
11 September 2017,2-891800068,LASBT Private,Noise Nuisance,LS28 8
11 September 2017,2-891797149,LASBT Private,Noise Nuisance,LS12 3
11 September 2017,2-891800404,LASBT Private,Noise Nuisance,LS6 3
11 September 2017,2-891800564,LASBT Private,Noise Nuisance,LS4 2
11 September 2017,2-891800648,LASBT Private,Noise Nuisance,LS6 3
11 September 2017,2-891818110,LASBT Private,Noise Nuisance,LS12 2
21 September 2017,2-892726999,LASBT Private,Noise Nuisance,N
21 September 2017,2-892727954,LASBT Private,Noise Nuisance,LS6 1
21 September 2017,2-892726218,LASBT Private,Noise Nuisance,LS28 7
20 September 2017,2-892684778,LASBT Private,Noise Nuisance,LS6 1
20 September 2017,2-892656726,LASBT Private,Noise Nuisance,LS6 1
20 September 2017,2-892580592,LASBT Private,Noise Nuisance,LS6 1
20 September 2017,2-892580493,LASBT Private,Noise Nuisance,LS6 1
12 September 2017,2-891878986,LASBT Private,Noise Nuisance,LS16 6
19 September 2017,2-892573631,LASBT Private,Noise Nuisance,LS13 3
12 September 2017,2-891928443,LASBT Private,Noise Nuisance,LS20 9
19 September 2017,2-892558969,LASBT Private,Noise Nuisance,LS6 3
19 September 2017,2-892558914,LASBT Private,Noise Nuisance,LS6 4
12 September 2017,2-891950708,LASBT Private,Noise Nuisance,N
19 September 2017,2-892558642,LASBT Private,Noise Nuisance,LS6 1
12 September 2017,2-891961890,LASBT Private,Noise Nuisance,LS6 2
12 September 2017,2-891973118,LASBT Private,Noise Nuisance,LS28 5
12 September 2017,2-891973576,LASBT Private,Noise Nuisance,BD4 8
19 September 2017,2-892558415,LASBT Private,Noise Nuisance,LS6 1
19 September 2017,2-892558283,LASBT Private,Noise Nuisance,LS6 3
19 September 2017,2-892558211,LASBT Private,Noise Nuisance,LS6 3
19 September 2017,2-892558106,LASBT Private,Noise Nuisance,LS6 3
19 September 2017,2-892558029,LASBT Private,Noise Nuisance,LS6 1
13 September 2017,2-892005376,Tenancy Breach,Noise Nuisance,LS28 9
19 September 2017,2-892547912,LASBT Private,Noise Nuisance,LS6 1
19 September 2017,2-892547685,LASBT Private,Noise Nuisance,LS6 3
19 September 2017,2-892547493,LASBT Private,Noise Nuisance,LS5 2
13 September 2017,2-892050389,LASBT Private,Noise Nuisance,LS19 6
19 September 2017,2-892548079,LASBT Private,Noise Nuisance,LS18 4
19 September 2017,2-892547323,LASBT Private,Noise Nuisance,LS6 1
19 September 2017,2-892547086,LASBT Private,Noise Nuisance,NU
13 September 2017,2-892053919,LASBT Private,Noise Nuisance,LS16 5
19 September 2017,2-892515889,LASBT Private,Noise Nuisance,LS6 1
13 September 2017,2-892074720,LASBT Private,Noise Nuisance,LS18 4
13 September 2017,2-892074880,LASBT Private,Noise Nuisance,LS16 6
19 September 2017,2-892464854,LASBT Private,Noise Nuisance,LS3 1
14 September 2017,2-892098638,LASBT Private,Noise Nuisance,LS6 4
18 September 2017,2-892446319,LASBT ALMO,Noise Nuisance,LS13 4
18 September 2017,2-892440011,LASBT ALMO,Noise Nuisance,LS6 1
18 September 2017,2-892415532,Tenancy Breach,Noise Nuisance,LS19 7
18 September 2017,2-892424582,LASBT ALMO,Noise Nuisance,LS28 9
18 September 2017,2-892408863,LASBT Private,Noise Nuisance,LS12 4
15 September 2017,2-892318070,LASBT Private,Noise Nuisance,LS7 1
18 September 2017,2-892400305,LASBT Private,Noise Nuisance,LS18 5
01 September 2017,2-890755257,Tenancy Breach,Noise Nuisance,LS10 3
29 September 2017,2-893472699,Tenancy Breach,Noise Nuisance,LS9 8
01 September 2017,2-890800671,Tenancy Breach,Noise Nuisance,LS13 3
01 September 2017,2-890825060,LASBT ALMO,Noise Nuisance,LS16 6
01 September 2017,2-890813384,Tenancy Breach,Noise Nuisance,LS20 9
29 September 2017,2-893453296,Tenancy Breach,Noise Nuisance,LS14 6
04 September 2017,2-890915156,Tenancy Breach,Noise Nuisance,WF3 2
04 September 2017,2-890912886,Tenancy Breach,Noise Nuisance,LS13 2
04 September 2017,2-890929089,Tenancy Breach,Noise Nuisance,LS14 1
29 September 2017,2-893424309,LASBT ALMO,Noise Nuisance,WF3 2
04 September 2017,2-890936989,Tenancy Breach,Noise Nuisance,LS7 3
04 September 2017,2-890955199,LASBT ALMO,Noise Nuisance,LS9 7
04 September 2017,2-890980448,Tenancy Breach,Noise Nuisance,LS27 9
29 September 2017,2-893415357,LASBT ALMO,Noise Nuisance,LS11 8
04 September 2017,2-890983060,Tenancy Breach,Noise Nuisance,LS9 9
04 September 2017,2-890993042,Tenancy Breach,Noise Nuisance,LS22 7
04 September 2017,2-890985799,LASBT ALMO,Noise Nuisance,LS19 7
28 September 2017,2-893301699,Tenancy Breach,Noise Nuisance,LS18 5
27 September 2017,2-893252178,LASBT ALMO,Noise Nuisance,LS7 2
27 September 2017,2-893240639,Tenancy Breach,Noise Nuisance,LS17 6
27 September 2017,2-893239382,LASBT ALMO,Noise Nuisance,LS8 3
27 September 2017,2-893217928,Tenancy Breach,Noise Nuisance,LS6 3
27 September 2017,2-893224102,LASBT ALMO,Noise Nuisance,LS16 5
05 September 2017,2-891072669,LASBT ALMO,Noise Nuisance,LS11 5
27 September 2017,2-893199672,Tenancy Breach,Noise Nuisance,LS13 4
27 September 2017,2-893218217,Tenancy Breach,Noise Nuisance,LS21 1
27 September 2017,2-893172489,Tenancy Breach,Noise Nuisance,LS14 1
27 September 2017,2-893196529,LASBT ALMO,Noise Nuisance,LS19 7
27 September 2017,2-893199074,Tenancy Breach,Noise Nuisance,LS13 4
26 September 2017,2-893128737,LASBT ALMO,Noise Nuisance,LS15 7
05 September 2017,2-891146242,Tenancy Breach,Noise Nuisance,LS5 3
05 September 2017,2-891158048,Tenancy Breach,Noise Nuisance,LS21 1
26 September 2017,2-893141323,LASBT Private,Noise Nuisance,LS2 9
05 September 2017,2-891149823,LASBT Private,Noise Nuisance,LS11 8
26 September 2017,2-893137146,LASBT Private,Noise Nuisance,LS13 1
26 September 2017,2-893130215,LASBT ALMO,Noise Nuisance,LS7 3
06 September 2017,2-891250178,LASBT Private,Noise Nuisance,LS14 6
26 September 2017,2-893114410,LASBT Private,Noise Nuisance,LS18 5
06 September 2017,2-891241455,Tenancy Breach,Noise Nuisance,LS14 6
06 September 2017,2-891240891,Tenancy Breach,Noise Nuisance,LS13 4
06 September 2017,2-891256374,LASBT Private,Noise Nuisance,LS11 0
26 September 2017,2-893093571,LASBT ALMO,Noise Nuisance,LS9 7
26 September 2017,2-893093266,LASBT ALMO,Noise Nuisance,LS8 3
06 September 2017,2-891285790,Tenancy Breach,Noise Nuisance,LS11 5
06 September 2017,2-891293932,Tenancy Breach,Noise Nuisance,LS7 1
06 September 2017,2-891314182,Tenancy Breach,Noise Nuisance,LS28 7
06 September 2017,2-891322018,Tenancy Breach,Noise Nuisance,LS5 3
26 September 2017,2-893085696,Tenancy Breach,Noise Nuisance,LS6 2
26 September 2017,2-893021989,Tenancy Breach,Noise Nuisance,LS8 3
25 September 2017,2-893044505,Tenancy Breach,Noise Nuisance,LS17 5
25 September 2017,2-893031879,LASBT ALMO,Noise Nuisance,LS23 6
25 September 2017,2-893018569,Tenancy Breach,Noise Nuisance,LS10 3
06 September 2017,2-891365348,LASBT Private,Noise Nuisance,LS28 8
25 September 2017,2-893022324,LASBT ALMO,Noise Nuisance,LS11 0
07 September 2017,2-891376868,Tenancy Breach,Noise Nuisance,LS16 7
07 September 2017,2-891431019,LASBT ALMO,Noise Nuisance,LS25 7
07 September 2017,2-891447346,Tenancy Breach,Noise Nuisance,LS14 1
07 September 2017,2-891455567,LASBT ALMO,Noise Nuisance,LS14 1
07 September 2017,2-891442779,Tenancy Breach,Noise Nuisance,LS9 7
07 September 2017,2-891447432,Tenancy Breach,Noise Nuisance,LS14 1
07 September 2017,2-891447524,Tenancy Breach,Noise Nuisance,LS14 1
07 September 2017,2-891463518,Tenancy Breach,Noise Nuisance,LS8 3
07 September 2017,2-891478185,LASBT Private,Noise Nuisance,LS14 6
07 September 2017,2-891473374,LASBT ALMO,Noise Nuisance,LS10 4
25 September 2017,2-892974972,Tenancy Breach,Noise Nuisance,LS14 6
07 September 2017,2-891478950,LASBT Private,Noise Nuisance,LS9 9
07 September 2017,2-891494470,LASBT Private,Noise Nuisance,LS19 7
25 September 2017,2-892985905,LASBT Private,Noise Nuisance,LS12 5
08 September 2017,2-891546027,Tenancy Breach,Noise Nuisance,LS10 4
25 September 2017,2-892921569,Tenancy Breach,Noise Nuisance,LS8 3
25 September 2017,2-892913614,LASBT ALMO,Noise Nuisance,LS11 7
08 September 2017,2-891539575,Tenancy Breach,Noise Nuisance,LS5 3
25 September 2017,2-892896841,Tenancy Breach,Noise Nuisance,LS12 5
08 September 2017,2-891577134,Tenancy Breach,Noise Nuisance,LS14 1
08 September 2017,2-891535885,Tenancy Breach,Noise Nuisance,LS28 8
22 September 2017,2-892888394,LASBT ALMO,Noise Nuisance,LS13 3
08 September 2017,2-891606367,Tenancy Breach,Noise Nuisance,LS25 7
22 September 2017,2-892866993,LASBT ALMO,Noise Nuisance,LS13 2
08 September 2017,2-891613829,Tenancy Breach,Noise Nuisance,LS14 1
08 September 2017,2-891627707,Tenancy Breach,Noise Nuisance,LS6 2
22 September 2017,2-892871194,Tenancy Breach,Noise Nuisance,LS27 9
11 September 2017,2-891723730,LASBT ALMO,Noise Nuisance,LS10 2
11 September 2017,2-891737374,Tenancy Breach,Noise Nuisance,LS16 6
11 September 2017,2-891742908,LASBT Private,Noise Nuisance,LS6 1
11 September 2017,2-891774410,Tenancy Breach,Noise Nuisance,LS14 5
21 September 2017,2-892800213,Tenancy Breach,Noise Nuisance,LS7 3
21 September 2017,2-892727191,LASBT Private,Noise Nuisance,LS21 1
11 September 2017,2-891825563,LASBT ALMO,Noise Nuisance,WF10 2
20 September 2017,2-892686835,Tenancy Breach,Noise Nuisance,LS11 0
20 September 2017,2-892684361,Tenancy Breach,Noise Nuisance,LS17 5
12 September 2017,2-891879497,LASBT ALMO,Noise Nuisance,LS11 6
20 September 2017,2-892638609,Tenancy Breach,Noise Nuisance,LS21 2
12 September 2017,2-891879906,LASBT ALMO,Noise Nuisance,LS10 4
12 September 2017,2-891882372,LASBT ALMO,Noise Nuisance,LS9 7
12 September 2017,2-891894213,Tenancy Breach,Noise Nuisance,LS13 2
12 September 2017,2-891878813,LASBT ALMO,Noise Nuisance,LS8 3
12 September 2017,2-891914546,Tenancy Breach,Noise Nuisance,LS28 7
12 September 2017,2-891927319,LASBT Private,Noise Nuisance,LS7 2
12 September 2017,2-891939261,Tenancy Breach,Noise Nuisance,LS11 8
12 September 2017,2-891950527,Tenancy Breach,Noise Nuisance,LS13 2
12 September 2017,2-891957114,Tenancy Breach,Noise Nuisance,LS12 3
12 September 2017,2-891961635,LASBT Private,Noise Nuisance,LS12 3
12 September 2017,2-891963133,Tenancy Breach,Noise Nuisance,LS17 6
19 September 2017,2-892558571,LASBT ALMO,Noise Nuisance,LS14 1
19 September 2017,2-892539960,Tenancy Breach,Noise Nuisance,LS9 6
13 September 2017,2-892010308,LASBT ALMO,Noise Nuisance,LS26 8
13 September 2017,2-892010915,Tenancy Breach,Noise Nuisance,LS5 3
13 September 2017,2-892032601,Tenancy Breach,Noise Nuisance,LS6 2
13 September 2017,2-892067541,Tenancy Breach,Noise Nuisance,LS16 7
19 September 2017,2-892516395,Tenancy Breach,Noise Nuisance,LS14 6
19 September 2017,2-892517353,LASBT ALMO,Noise Nuisance,LS11 9
19 September 2017,2-892462907,LASBT ALMO,Noise Nuisance,LS9 7
13 September 2017,2-892063369,LASBT ALMO,Noise Nuisance,LS27 0
13 September 2017,2-892096436,Tenancy Breach,Noise Nuisance,LS13 1
18 September 2017,2-892459349,LASBT Private,Noise Nuisance,LS16 6
18 September 2017,2-892446554,LASBT ALMO,Noise Nuisance,LS12 2
18 September 2017,2-892428691,Tenancy Breach,Noise Nuisance,LS13 3
18 September 2017,2-892437263,Tenancy Breach,Noise Nuisance,LS13 1
14 September 2017,2-892168319,Tenancy Breach,Noise Nuisance,LS15 0
18 September 2017,2-892426675,LASBT ALMO,Noise Nuisance,WF3 3
18 September 2017,2-892424813,LASBT Private,Noise Nuisance,LS12 1
15 September 2017,2-892220979,Tenancy Breach,Noise Nuisance,LS12 2
15 September 2017,2-892283353,Tenancy Breach,Noise Nuisance,LS11 9
15 September 2017,2-892277961,Tenancy Breach,Noise Nuisance,LS8 1
15 September 2017,2-892283705,Tenancy Breach,Noise Nuisance,LS11 9
15 September 2017,2-892324231,Tenancy Breach,Noise Nuisance,LS9 7
15 September 2017,2-892336416,Tenancy Breach,Noise Nuisance,LS16 6
18 September 2017,2-892365119,Tenancy Breach,Noise Nuisance,LS13 2
18 September 2017,2-892333794,LASBT Private,Noise Nuisance,LS6 1
