Venue Name,Venue Address 1,Venue Address 2,Venue Address 3,Venue Address 4,Venue Postcode,Website
Dish Dining Room,19 Boar Lane,Leeds,,,LS1 6EA,http://dishdining.co.uk/
Yum Yum,Brewery Place,Leeds,,,LS10 1NE,http://www.yumyumbrewerywharf.co.uk/
Thai Sabai,2 The Parade,Leeds,West Yorkshire,,LS6 3HP,http://www.thaisabaileeds.co.uk/
Dough Bistro,293 Spen Lane,Leeds,West Yorkshire,,LS16 5BD,http://doughleeds.com/
Gaucho,21-22 Park Row,Leeds,,,LS1 5JF,http://www.gauchorestaurants.com
The Duncan,22 Duncan Street,Leeds,,,LS1 6DL,
Nash's,17 Merrion Street,Leeds,,,LS2 8JE,http://www.nashsfishandchips.com
Frankie & Benny's - Crown Point,Crown Point Shopping Park,Leeds,,,LS10 1ET,http://www.frankieandbennys.com
Frankie & Benny's - Kirkstall Road,Cardigan Fields,Kirkstall Road,Leeds,,LS4 2DG,http://www.frankieandbennys.com
Midtown Grill,Trevelyan Square ,Leeds,,,LS1 6ET,http://midtowngrill.co.uk
Outlaw's Yacht Club,38 New York Street,Leeds,,,LS2 7DY,http://www.outlawsyachtclub.com
Sesame,18 St Paul's Street,(Just of St Paul's Square),Leeds,,LS1 2LE,
The Sunshine Bakery,182 Harrogate Road,Chapel Allerton,Leeds,,LS7 4NZ,
Town Hall Tavern,17 Westgate,Leeds,,,LS1 2RA,http://www.townhalltavernleeds.co.uk/
Mango Vegetarian,12-14 Bank Street,Wetherby,Leeds,,LS22 6NQ,http://www.mangovegetarian.com
Sky Lounge,Granary Wharf,2 Wharf Approach,Leeds,,LS1 4BR,http://www.leedscitycentre.doubletree.com
Croft Street Fisheries,2 Croft Street,Farsley,Leeds,,LS28 5HA,http://www.croftstreetfisheries.co.uk/
Neon Cactus,35 Call Lane,Leeds,,,LS1 7BT,http://www.neoncactus.co.uk
Laynes Espresso,16 New Station Street,Leeds,,,LS1 5DL,http://www.laynesespresso.co.uk
Wax Bar and JukeJoint,20 New Briggate,Leeds,,,LS1 6NU,
The Maven Bar,First Floor,1 Call Lane,Leeds,,LS1 7DH,http://www.themavenbar.com/
The White Swan,Swan Street ,Leeds,,,LS1 6LG,http://www.whiteswanleeds.co.uk
51% Bourbon Lounge,11-15 Hirst Yard,Leeds,,,LS1 6NJ,http://www.51percentbourbon.co.uk
Rivers Meet,102 Leeds Road,Methley,Leeds,,LS26 9EP,http://www.riversmeetcraftcafe.co.uk
Mint Cafe,33 North Lane,Headingley,Leeds,,LS6 3HW,http://www.mint-cafe.co.uk
Cafe Lento,21a North Lane,Headingley,Leeds,,LS6 3HW,http://www.cafelento.co.uk
HEART Cafe,Bennett Road,Leeds,,,LS6 3HN,http://www.heartcentre.org.uk
Gallery Munro House,Munro House,York Street,Leeds,,LS9 8AG,http://leedsgallery.com
The Hummingbird Kitchen & Bar,Stainbeck Corner,Harrogate Road,Chapel Allerton,Leeds,LS7 3PG,
The Shed Bar,6 Heatons Court,Leeds,,,LS1 4LJ,http://www.theshedbar.co.uk
Fazenda Rodizio Bar and Grill,"Unit B, Waterman's Place",3 Wharf Approach,Granary Wharf,Leeds,LS1 4GL,http://www.fazenda.co.uk
Around the World in 80 Beers,123 The Headrow,Leeds,,,LS1 5RD,http://www.atw80.com
The Bierkeller,123 The Headrow,Leeds,,,LS1 5RD,http://www.thebierkeller.com
Shooters Sports Bar,123 The Headrow,Leeds,,,LS1 5RD,
Bingley Arms,37 Church Lane,Bardsey,Leeds,,LS17 9DR,http://www.bingleyarms.co.uk
Las Iguanas,Unit 3,Cloth Hall Street,Leeds,,LS1 2HD,http://www.iguanas.co.uk
Miller & Carter Steakhouse,Selby Road,Garforth,Leeds,,LS25 1NB,http://www.millerandcarter.co.uk/millerandcartergarforth/
Out of the Woods- Water Lane,113 Water Lane,Leeds,,,LS11 5WD,http://www.outofthewoods.me.uk
Mojo Bar,18 Merrion Street,Leeds,,,LS1 6PQ,http://www.mojobar.co.uk
Barburrito,62 The Headrow,Leeds,,,LS1 8EQ,http://www.barburrito.co.uk
Bar 166 Bar and Bistro,166 Town Street,Horsforth,Leeds,,LS18 4AQ,http://www.bar166.co.uk
The Royal Park,Queens Road,Hyde Park,Leeds,,LS6 1NY,http://www.theroyalparkleeds.co.uk
Dry Dock,Woodhouse Lane,Leeds,,,LS2 3AX,
Jamie's Italian,35 Park Row,Leeds,,,LS1 5JL,http://www.jamieoliver.com/italian/leeds
Aagrah Garforth,Aberford Road,Garforth,,,LS25 2HF,http://www.aagrah.com
Dine in the Mansion,The Mansion,Mansion Lane,Roundhay,Leeds,LS8 2HH,http://www.dine.co.uk/venues/themansion
Blackhouse Restaurant and Bar,31-33 East Parade,Leeds,,,LS1 5PS,http://www.blackhouse.uk.com
The White House,55 Wetherby Road,Leeds,,,LS8 2JU,
Distrikt,7 Duncan Street,Leeds,,,LS1 6DQ,http://www.distrikt.co.uk
Kadas,3 - 5 Crown Street,Leeds,,,LS2 7DA,
The Rock Bar,52 Call Lane,Leeds,,,LS1 6DT,
The Shake Bar,28 Merrion Centre,Leeds,,,LS2 8LY,
Engine House Cafe,2 Foundry Square,Holbeck,Leeds,,LS11 5DL,http://www.enginehousecafe.co.uk/
Little Tokyo,24 Central Road,Leeds,,,LS1 6DE,
A Nation Of Shopkeepers,27-37 Cookridge Street,Leeds,,,LS2 3AG,http://www.anationofshopkeepers.com
The Fenton,161 Woodhouse Lane,Leeds,,,LS2 3ED,
Hyde Park Pub,2 Headingley Lane,Leeds,,,LS6 2AS,http://www.hydeparkhotelleeds.co.uk/
The Cardigan Arms,364 Kirkstall Road,Leeds,,,LS4 2HQ,
Victorian Tiled Hall Cafe,Leeds Art Gallery,The Headrow,Leeds,,LS1 3AA,
City Cafe,Granary Wharf,2 Wharf Approach,Leeds,,LS1 4BR,http://www.leedscitycentre.doubletree.com
Epernay,The Electric Press,12 Great George Street,Leeds,,LS1 3DW,http://www.epernaychampagnebars.com
The New Roscoe,Bristol Street,Leeds,,,LS7 1DH,http://www.newroscoe.co.uk
Santiago,1 Grand Arcade,Leeds,,,LS1 6PG,
The New Conservatory,Albion Place,Leeds,,,LS1 6JL,http://www.thenewconservatory-cafebar.co.uk/
The West Indian Centre,10 Laycock Place,Leeds,,,LS7 3JA,
Loch Fyne,The Old Post Office,City Square,Leeds,,LS1 2ES,
Azucar Bar,5 Brewery Place,Leeds,,,LS10 1NE,http://www.azucarbar.co.uk
Ambiente Leeds,36 - 38 The Calls,Leeds,,,LS2 7EW,http://www.ambiente-popup.co.uk
Mumtaz Restaurant,1  Mackenzie House,Chadwick Street,Leeds,,LS10 1QD,
The Gatehouse at Kirkstall Abbey,Abbey Walk,Kirkstall,Leeds,,LS5 3EH,
The Packhorse Pub,208 Woodhouse Lane,Leeds,,,LS2 9DX,http://www.myspace.com/packhorsegigguide
The New Penny,51 Call Lane,Leeds,,,LS1 7BT,
Viaduct,11 Lower Briggate,Leeds,,,LS1 6EP,www.viaductleeds.co.uk
The Foundry Wine Bar,1 Saw Mill Yard,Holbeck,Leeds,,LS11 5WH,www.thefoundrywinebar.co.uk
Malmaison Leeds,1 Swinegate,Leeds,,,LS1 4AG,http://www.malmaison.com/locations/leeds/
Fuji Hiro,45 Wade Lane,Leeds,,,LS2 8NJ,
Kendell's Bistro,St. Peters Square,Leeds,,,LS9 8AH,http://www.kendellsbistro.co.uk
Queens Court,167-168 Lower Briggate,Leeds,,,LS1 6NA,http://www.queenscourtleeds.com/
Midnight Bell,101 Water Lane,Leeds,,,LS11 5QN,www.midnightbell.co.uk
The Reliance,76-78 North Street,Leeds,,,LS2 7PN,http://www.the-reliance.co.uk
Stylus,"Leeds University Union,",Lifton Place,Woodhouse Lane,,LS2 9JT,
Leeds University Union,"Leeds University Union,",Lifton Place,Woodhouse Lane,Leeds,LS2 9JT,http://www.leedsuniversityunion.org.uk/
Leeds Beckett Union,Calverley Street,Leeds,,,LS1 3HE,
Norman Bar,36 Call Lane,Leeds,,,LS1 6DT,http://www.normanbar.co.uk
Oracle Bar,3 Brewery Place,Leeds,,,LS10 1NE,www.oraclebar.com
Fibre,167 - 168 Lower Briggate,Leeds,,,LS1 6LY,www.barfibre.com
Oulton Hall and Spa,Rothwell Lane,Oulton,Leeds,,LS26 8HN,http://www.qhotels.co.uk/our-locations/oulton-hall/
The Claret Jug at Oulton Hall and Spa,Rothwell Lane,Oulton,Leeds,,LS26 8HN,http://www.qhotels.co.uk/our-locations/oulton-hall
Calverley Grill at Oulton Hall Hotel,Rothwell Lane,Oulton,Leeds,,LS26 8HN,http://www.qhotels.co.uk/our-locations/oulton-hall/
Milo,10-12 Call Lane,Leeds,,,LS1 6DN,
Mook,Hirst's Yard,City Centre,Leeds,,LS1 6NJ,
The Adelphi,1-5 Hunslet Road,Leeds,,,LS10 1JQ,
The Reform Bar,12-14 Merrion St,Leeds,,,LS1,www.reformbar.co.uk
Revolution Electric Press,41 Cookridge Street,Leeds,,,LS2 3AW,http://www.revolution-bars.co.uk
Revolution Call Lane,48 Call Lane,Leeds,,,LS1 6DT,www.revolution-bars.co.uk
Granary Wharf,Granary Wharf,Leeds,,,LS1 2SP,www.granarywharf.co.uk
Golf Cafe Bar,Blue Granary Wharfe,1 Little Neville Street,Leeds,,LS1 4ED,http://www.golfbarleeds.co.uk/
Tiger Tiger,The Light,117 Albion Street,Leeds,,LS2 8DY,
Oporto,31-33 Call Lane,Leeds,,,LS1 7BT,www.oportobar.co.uk
Verve,16 Merrion Street,Leeds,,,LS1 6PQ,www.verveleeds.co.uk
Sela Bar,20 New Briggate,Leeds,,,LS1 6NU,www.mojobar.co.uk
Zen Rendezvous,10 The Green,Guiseley,Leeds,,LS20 9BT,www.zenrendezvous.co.uk
Cheerful Chilli,Yorkgate Farm,East Chevin Road,Otley,,LS21 3ED,
The Cross Keys,107 Water Lane,Leeds,West Yorkshire,,LS11 5WD,http://www.the-crosskeys.com
Duck and Drake,43 Kirkgate,Leeds,West Yorkshire,,LS2 7DR,http://www.duckndrake.co.uk/
Whitelocks,Turks Head Yard,Briggate,Leeds,West Yorkshire,LS1 6HB,http://www.whitelocksleeds.com
Gusto Restaurant & Bars,10 Greek Street,Leeds,,,LS1 5RU,http://gustorestaurants.uk.com
Sandinista,"5/5a Cross, Belgrave Street",Leeds,,,LS2 8JP,http://www.sandinista.co.uk/
Sukhothai - South Parade,5 South Parade,Leeds,,,LS1 5QS,www.sukhothai.co.uk
Thai Edge Leeds,New Portland Place,7 Calverley Street,Leeds,,LS1 3DY,www.thaiedge.co.uk
Brasserie at West Park,269 Otley Road,West Park,Leeds,,LS16 5LN,http://www.brasserieatwestpark.co.uk/
Trio Bar & Grill,44 North Lane,Headingley,Leeds,,LS6 3HU,http://www.arcinspirations.com
Wagamama,31 - 32 Park Row,Leeds,,,LS1 5JD,http://www.wagamama.com
Diva Italiana,Unit 8-10,Booths Yard,Pudsey,Leeds,LS28 7AD,http://italiandiva.co.uk/
Hansa's Restaurant,72/74 North Street,Leeds,,,LS2 7PN,http://www.hansasrestaurant.com
The Restaurant Bar & Grill,The Old Post Office,3 City Square,Leeds,,LS1 2AN,
Ruchee,219 Stainbeck Road,Moortown,Leeds,,LS7 2LR,http://www.ruchee-leeds.co.uk/
Salute at The White Swan,Church Street,Rothwell,Leeds,,LS26 0QL,www.saluteleeds.co.uk
Salvo's,115 & 109 Otley Road,Headingley,Leeds,,LS6 3PX,http://www.salvos.co.uk
Azrams Sheesh Mahal,346-348 Kirkstall Road,Leeds,,,LS4 2DS,
Bibis Italianissimo,Criterion Place,Off Sovereign Street,Leeds,,LS1 4AG,www.bibisrestaurant.com
Brasserie Blanc,Victoria Mill,Sovereign Street,Leeds,,LS1 4BJ,www.brasserieblanc.com
Brasserie Forty 4,44 The Calls,Leeds,,,LS2 7EW,www.brasserie44.com
Bretts Fish Restaurant,12-14 North Lane,Headingley,Leeds,,LS6 3HE,
Chino Latino,Park Plaza Hotel,Boar Lane,City Square,Leeds,LS1 5NS,http://www.chinolatino.co.uk
It Bar Leeds,57-59 New Briggate,Leeds,,,LS2 8JD,
Hop Leeds,Dark Arches,Leeds,,,LS1 4BR,http://thehopleeds.co.uk/
Hilton Leeds City,Neville Street,Leeds,,,LS1 4BX,http://www.hilton.com
North Bar,24 New Briggate,Leeds,,,LS1 6NU,http://www.northbar.com
Aagrah Pudsey,483 Bradford Road,Pudsey,,,LS28 8ED,www.aagrah.com
Arts Cafe Bar & Restaurant,42 Call Lane,Leeds,,,LS1 6DT,http://www.artscafebar.com/
Primo Ristorante,West Point,29 Wellington Street,Leeds,,LS1 4JY,http://www.primo-ristorante.co.uk/
Primo's Gourmet Hot Dogs,The Concourse,Corn Exchange,Call Lane,Leeds,LS1 7BR,
The Arc,19 Ash Road,Headingley,,,LS6 3JJ,
Hirst's Yard,11 - 15 Hirsts Yard,Leeds,West Yorkshire,,LS1 6NJ,http://www.hirstsyard.co.uk
Duke of Wellington,Main Street,Leeds,,,LS17 9DB,http://www.thedukew1.co.uk/
Lazy Lounge,Westpoint,Leeds,,,LS1 4JY,http://lazy-lounge.com/
Miller and Carter Steakhouse,56-58 The Headrow,Leeds,,,LS1 8TL,http://www.millerandcarter.co.uk/millerandcarterleedslight/
Viva,9-11 Bridge End,Leeds,,,LS1 7HG,http://www.vivaitalianrestaurant.com
Graveley Fisheries,12-14 George Street,Leeds,,,LS2 7HY,
Global Tribe Cafe,18 Swan Street,Leeds,,,LS1 6LG,http://globaltribecafe.com/
Sukhothai - Headingley,St Annes Road,Headingley,,,LS6 3NX,http://sukhothai.co.uk/restaurants/leeds-headingley/
Opposite Cafe- Victoria Quarter,Victoria Quarter,Queen Victoria Street,,,LS1 6AZ,http://www.oppositecafe.co.uk/
Olive Tree Greek Restaurant,Oaklands,Rodley Lane,Rodley,,LS13 1NG,http://www.olivetreegreekrestaurant.co.uk
Mr Foley's Cask Ale House,159 The Headrow,Leeds,,,LS1 5RG,
Hayley and Clifford Delicatessen,43 Street Lane,Leeds,,,LS8 1AP,http://www.haleyandclifford.co.uk
Stew and Oyster Bar,36-38 The Calls,Leeds,,,LS2 7EW,
Patisserie Valerie,50a Albion Street,Leeds,,,LS1 6AD,
Library Pub,229 Woodhouse Lane,,,,LS2 3AP,
Aagrah Leeds,St Peter's Square,Quarry Hill,Leeds,,LS9 8AH,http://www.aagrah.com/restaurants/leeds-city/
Roundhay Fox,Prince Avenue,Roundhay,,,LS8 2EP,http://www.vintageinn.co.uk/theroundhayfoxleeds/
Bella Italia,145 Briggate,Leeds,,,LS1 6BR,http://www.bellaitalia.co.uk/
"The Fishermans Wife, Headingley",9 Weetwood Lane,Headingley,,,LS16 5LT,http://www.thefishermanswife.co.uk
Chaophraya,20A First Floor,Blayds Court,Swinegate,Leeds,LS1 4AG,http://www.chaophraya.co.uk
Sukhothai - Chapel Allerton,8 Regent Street,Chapel Allerton,,,LS7 4PE,http://www.sukhothai.co.uk/
Comptoir Libanais,Level 4 Trinity Albion Street,Leeds,,,LS1 5AY ,http://www.comptoirlibanais.com
200 Degrees Coffee,200 Degrees Coffee,31 Bond Street,Leeds,,LS1 5BQ,http://200degs.com/
Gino D’Acampo My Restaurant,Gino D’Acampo My Restaurant,11/12 Park Row,Leeds,,LS1 5HD,http://ginodacamporestaurants.com/myrestaurant/myrestaurants/leeds/
Olive & Rye,Queens Arcade,Leeds,,,LS1 6LF,http://www.oliverye.co.uk
Thewlis Cocktail Lounge,18 Park Row,Leeds,,,LS1 5JA,http://www.thewliscocktails.co.uk
Le Pain Quotidien,"16, Leeds Victoria Gate Arcade",Harewood Street,Leeds,,LS2 7AR,http://www.lepainquotidien.co.uk
Byron,9a Lands Lane,Leeds,,,LS1 6AW,
Stockdales of Yorkshire,8 South Parade,Leeds,,,LS1 5QX,http://stockdales-restaurant.com/
Mod Pizza,Unit 11a Cardigan Fields Leisure Park,Kirkstall Road,Leeds,,LS4 2DG,http://www.modpizza.co.uk
Slate NQ,Merrion Street,Leeds,,,LS2 8JE,http://www.slatenq.co.uk
The Alchemist Greek Street,The Alchemist Greek Street,Yorkshire House,Greek Street,Leeds,LS1 5SH,http://thealchemist.uk.com/venues/greek-street-leeds/
The East Village,The East Village,47-49 Brudenell Grove,Leeds,,LS6 1HR,http://www.theeastvillage.bar
Sociable Folk,10 Wellington Place,Leeds,,,LS1 4AP,http://www.sociablefolk.co.uk
Revolución de Cuba,64-68 Call Lane,Leeds,,,LS1 6DT,http://www.revoluciondecuba.com/bar/leeds/
Tharavadu,7/8 Mill Hill,Leeds,,,LS1 5DQ,http://www.tharavadurestaurants.com
Smoke Barbecue Leeds,Merrion Centre,"Leeds, Unit 6",11 Merrion Way,Leeds,LS2 8BT,http://www.smokebbq.co.uk
MR PITTA,Commercial Street,Leeds,,,LS1 6AL,http://www.mrpitta.co.uk
Iberica Leeds,Hepper House,17A East Parade,Leeds,,LS1 2BH ,http://www.ibericarestaurants.com
Cabana Brasilian Barbecue,Unit 4.02,430 Trinity Leeds,Albion Street,Leeds,LS1 5AT,http://www.cabana-brasil.com/
Candlebar,CANDLEBAR,Candle House,Granary Wharf,Leeds,LS1 4GJ,http://www.candlebarleeds.co.uk
Be At One Leeds,Be At One Cocktail Bar,Millennium Square,Great George Street,Leeds,LS2 3AD,http://www.beatone.co.uk
Bang Wok,Bang Wok,Arch 1,Sovereign Place,Leeds,LS1 4SP,http://www.bangwok.com
Pieminister,Pieminister,15-17 Duncan Street,Leeds,,LS1 6DQ,http://www.pieminister.co.uk/restaurants/leeds/
The Engine Shed,The Engine Shed,York Road,Wetherby,,LS22 7SU,http://www.engineshedwetherby.co.uk
MEATliquor Leeds,1 Bank St. North,Trinity Centre,Behind Victoria’s Secret,Leeds,LS1 5AT,http://www.meatliquor.com/leeds
Bar Soba,9A Merrion Street,Leeds,,,LS1 6PQ,http://www.barsoba.co.uk/
Mill Kitchen,1 The Old Combing,Sunny Bank Mills,83-85 Town Street,"Farsley, Pudsey",LS28 5UJ,http://www.millkitchen.co.uk
Bilbao Bar,Arch U,Granary Wharf,Leeds,,LS1 4BR,http://www.bilbaobar.co.uk
Watermill  Restaurant at Milford Hotel,Great North Road,Peckfield,,,LS25 5LQ,www.milfordhotel.co.uk
La Rambla –Tapas & Wine,La Rambla –Tapas & Wine,9 East Parade,Leeds,,LS1 2AJ,http://www.laramblatapas.co.uk
Manahatta,11 Merrion Street,Leeds,,,LS1 6PG,http://www.arcinspirations.com
Black Swan,37 Call Lane,Leeds,,,LS1 7BT,http://www.blackswanleeds.co.uk/
Ho's,115 Vicar Lane,Leeds,,,LS1 6PJ,http://www.tripadvisor.co.uk/Restaurant_Review-g186411-d1877193-Reviews-Ho_s-Leeds_West_Yorkshire_England.html
Maxi's Leeds,6 Bingley Street,Leeds,,,LS3 1LX,http://www.maxi-s.co.uk/
Red Chilli Restaurant,6 Great George Street,Leeds,,,LS1 3DW,http://redchillirestaurant.co.uk/leeds/
Pintura,Pintura Basque Kitchen & Bar,Unit 2.36,1 Trinity Street,Leeds,LS1 5ER,http://www.pinturakitchen.co.uk/
Roland's,39 Call Lane,Leeds,,,LS1 7BT,https://twitter.com/RolandsLeeds
The Riverside,1 Whitehall Riverside,Leeds,,,LS1 4BN,http://www.theriversideleeds.co.uk/
Marvin's Pizza Parlour,Arena Quarter,Merrion Way,Leeds,West Yorkshire,LS2 8BT,
The Salty Cow,Commerical Street,Leeds,,,LS1 6EY,https://twitter.com/ThesaltyCow
The Black Prince,40 Boar Lane,Leeds,,,LS1 5DA,
The Brotherhood of Pursuits and Pastimes,56-58 New Briggate,Leeds,,,LS1 6NU,http://www.thisisthebrotherhood.com/
Bundobust,6 Mill Hill,Leeds,,,LS1 5DQ,http://bundobust.com/
Shears Yard,11-15 Wharf Street,The Calls,Leeds,,LS2 7EH,http://www.shearsyard.com
Blind Tyger,5 1/2 Cross Belgrave Street,Leeds,,,LS2 8JP,http://www.blindtyger.co.uk
Just Grand! Vintage Tearoom,8-9 Grand Arcade,Vicar Lane,Leeds,,LS1 6PG,http://www.just-grand.co.uk
The Atlas Pub,Atlas House,31 King Street,Leeds,,LS1 2HL,http://www.atlaspubleeds.com
The Man Behind The Curtain,68-78 Vicar Lane,Leeds,,,LS1 7JH,http://www.themanbehindthecurtain.co.uk/
Crowd of Favours,Harper Street,Leeds,,,LS2 7EA,http://www.crowdoffavours.co.uk/
Roots and Fruits,10-11 Grand Arcade,Leeds,,,LS1 6PG,http://www.rootsandfruits.net
The Grove Inn,Back Row,Leeds,,,LS11 5PL,
The Decanter,17 Park Row,Leeds,,,LS1 5JQ,http://www.thedecanter.co.uk
The Original Oak,2 Otley Road,Headingley,Leeds,,LS6 2DG,http://www.theoriginaloakleeds.co.uk
The Mustard Pot,20 Stainbeck Lane,Chapel Allerton,Leeds,,LS7 3QY,http://www.themustardpot.com
Tortilla,Trinity Kitchen,Trinity Leeds,,,LS1 5AT,http://trinityleeds.com/shops/tortilla
Le Chalet,31-32 Park Row,Leeds,,,LS1 5JD,http://www.le-chalet.co.uk
Aire Bar,32 The Calls,,Leeds,,LS2 7EW,http://www.airebar.co.uk/
All Bar One Greek Street,27 East Parade,Leeds,,,LS1 5BN,http://www.allbarone.co.uk/all-bar-one-greek-street-leeds/
Baa Bar Millennium Square,43-51 Cookridge Street,Leeds,,,LS2 3AW,http://www.baabar.co.uk
Wasabi,Trinity Leeds,Leeds,,,LS1 5AT,http://www.wasabi.uk.com
Belgrave Music Hall and Canteen,1-1A Cross Belgrave Street,Leeds,,,LS2 8JP,http://www.belgravemusichall.com
360 Champagne & Cocktails,Trinity Kitchen,Trinity Leeds,,,LS1 5AT,http://trinityleeds.com/shops/360-champagne-cocktails
Chicago Rib Shack,Trinity Kitchen,Trinity Leeds,,,LS1 5AT,http://trinityleeds.com/shops/chicago-rib-shack
Chip + Fish,Trinity Kitchen,Trinity Leeds,,,LS1 5AT,http://trinityleeds.com/shops/chip-fish
Pho,Trinity Kitchen,Trinity Leeds,,,LS1 5AT,http://www.phocafe.co.uk/locations/leeds/
PizzaLuxe,Trinity Kitchen,Trinity Leeds,,,LS1 5AT,http://trinityleeds.com/shops/pizzaluxe
Kobe,106-108 New Road Side,Horsforth,Leeds,,LS18 4QB,http://www.arcinspirations.com
The Pit,9 Merrion Street,Leeds,,,LS1 6PQ,http://www.arcinspirations.com
Roast + Conch,55 Boar Lane,Leeds,,,LS1 5EL,http://www.hotelchocolat.com/uk/restaurants/locations/roast-and-conch
Barburrito,61 Boar Lane,Leeds,,,LS1 6HW ,http://www.barburrito.co.uk/
All Bar One Millennium,Electric Press,Millennium Square,Leeds,,LS2 3AD,http://www.allbarone.co.uk/all-bar-one-millennium-square-leeds
Korks Wine Bar & Brasserie,40 Bondgate,Otley,,,LS21 1AD,http://www.korks.co.uk
Yo! Sushi,419 Trinity Leeds,Albion Street,Leeds,,LS1 5AY,http://www.yosushi.com/
Wagamama Restaurant,Upper dining terrace,Trinity walk,Trinity leeds shopping centre,Leeds,LS1 5AY,http://www.wagamama.com/
The Packhorse,Packhorse Yard,Briggate,Leeds,,LS1 6AT,
Mrs Atha's,10 Central Road,Leeds,,,LS1 6DE,http://mrsathasleeds.com/
LS6 Cafe,16 Headingley Lane,Leeds,,,LS6 2AS,http://www.ls6cafe.com/
The Wrens Hotel,61A New Briggate,Leeds,,,LS2 8JD,http://www.thewrenshotel.co.uk/
Holbeck WMC,Holbeck WMC,Jenkinson Lawn,Holbeck,,LS11 9QX,http://holbeckwmc.moonfruit.com/
The Alchemist,Level 1,Trinity Leeds,,,LS1 6HW,http://www.thealchemist.uk.com
The Botanist,Trinity,Leeds,,,LS1 6HW ,http://www.thebotanist.uk.com
Carluccios,Trinity Leeds,Albion Street,Leeds,,LS1 5AT,http://www.carluccios.com
Handmade Burger Co,Trinity Leeds,Trinity East,Leeds,,LS1 5ER,http://handmadeburger.co.uk/
Giraffe,414 Trinity Leeds,Albion Street,Leeds,,LS1 5AY,http://www.giraffe.net/
The Fleece,Westgate,Otley,West Yorkshire,,LS21 3DT,http://www.otleypubclub.co.uk/otley-pubs-present/the-fleece
Greedy Pig,"58, North Street",Leeds,,,LS2 7PN,
David Street Cafe,109 Water Lane,Leeds,,,LS11 5WD,
Calverley Fish Shop,80 Thornhill Street,Calverley,Leeds,,LS28 5PD,
Littlemoor Fish and Chips,143 Littlemoor Road,Pudsey,,,LS28 8AP,
Baracoa Luxe Bar,52 Call Lane,Leeds,West Yorkshire,,LS1 6DT,https://www.facebook.com/BaracoaLuxeBar/info/?tab=page_info
The Hop,The Dark Arches,Granary Wharf,Neville Street,,LS1 4BR,http://www.thehop-leeds.co.uk/
Cielo Blanco,Trinity,Albion Street,Leeds,,LS1 5AT,http://www.cieloblanco.co.uk
Pickled Pepper,The Round Foundry,105 Water Lane,Leeds,,LS11 5WH,http://pickledpepperleeds.co.uk/
Crafthouse,Level 5,Trinity,Boar Lane,Leeds,LS16HW,http://www.crafthouse-restaurant.com
Angelica,Level 6,Trinity,Boar Lane,Leeds,LS1 6HW,http://www.angelica-restaurant.com/
Costa Coffee Woodhouse Lane,42/44 Woodhouse Lane,Leeds,,,LS2 8LX,http://www.costa.co.uk/
Alfred,6 Stonegate Road,Meanwood,Leeds,,LS6 4HY,http://northbar.com/alfred
Cafe Lux,Pudsey Wellbeing Centre,Robin Lane,Pudsey,,LS28 7BR,http://www.pudseywellbeingcentre.com
The Arch Cafe,Bradbury Building,Mark Lane,Leeds,,LS2 8JA,http://www.thearchcafeleeds.co.uk/
The 1875 Restaurant,1st Floor Menston Railway Station,Station Road,Leeds,,LS29 6JH,http://the1875.co.uk/
Out of the Woods- Granary Wharf,Granary Wharf,Waterman's Place,Leeds,,LS1 4GL,
LIVINitaly,Granary Wharf,Leeds,,,LS1 4BR,http://www.livinitaly.com
Opposite Cafe University,26 Blenheim Terrace,Leeds,,,LS2 9HD,http://www.oppositecafe.co.uk
Ciao Bella,20 Dock Street,Brewery Wharf,Leeds,,LS10 1JF,http://www.ciaobellarestaurantleeds.co.uk
Vanilla One,Corn Exchange,Leeds,,,LS1 7BR,http://www.leedscornexchange.co.uk/eating/vanilla-one
Jake's Bar,27 - 33 Call Lane,Leeds,,,LS1 7BT,http://www.jakesbar.co.uk
The Garden Gate,3 Whitfield Place,Hunslet,Leeds,,LS10 2QB,http://www.gardengateleeds.co.uk
Further North,194 Harrogate Road,Chapel Allerton,,,LS7 4NZ,http://northbar.com/further-north/
The Junction,44 Bondgate,Otley,,,LS21 1AD,https://www.facebook.com/Junctioninnotley
The Otley Tavern,Newmarket,Otley,,,LS21 3AE,http://www.theotleytavern.com
The Bowling Green,18 Bondgate,Otley,,,LS21 3AB,http://www.jdwetherspoon.com/pubs/all-pubs/england/west-yorkshire/the-bowling-green-otley
The Cross Pipes,36 Westgate,Otley,West Yorkshire,,LS21 3AS,http://www.otleypubclub.co.uk/otley-pubs-present/the-cross-pipes
The Rose and Crown,20 Bondgate,Otley,,,LS21 1AD,http://www.otleypubclub.co.uk/otley-pubs-present/the-rose-and-crown
The Old Cock,11 Crossgate,Otley,West Yorkshire,,LS21 1AD,http://www.theoldcockotley.co.uk
The Manor House,Walkergate,Otley,,,LS21 1HB,
The Black Bull,Market Place,Otley,,,LS21 3AQ,http://www.otleypubclub.co.uk/otley-pubs-present/the-black-bull
Otley Tap House,66 Boroughgate,Otley,,,LS21 1AE,
The Roebuck,Roebuck Terrace,Newall with Clifton,Otley,,LS21 2EY,http://www.roebuckpub.co.uk
The Royalty,Yorkgate,Otley Chevin,,,LS21 3DG,http://www.the-royalty.co.uk
The Red Lion,47 Kirkgate,Otley,,,LS21 3HN,http://www.otleypubclub.co.uk/otley-pubs-present/the-red-lion
the Bay Horse,20 Market Place,Otley,,,LS21 3AQ,http://www.otleypubclub.co.uk/otley-pubs-present/the-bay-horse-inn
Whitakers,49 Kirkgate,Otley,,,LS21 3HN,http://www.facebook.com/WhitakersOtley
The White Swan,68 Boroughgate,Otley,,,LS21 1AE,
North Bar Social,8-10 Bondgate,Otley,,,LS21 3AB,http://www.northbar.com/northbarsocial
The Black Horse Hotel,2 Westgate,Otley,,,LS21 3AS,http://www.blackhorsehotelotley.co.uk
The Horse and Farrier,Bridge Street,Otley,West Yorkshire,,LS21 1BQ,http://www.markettowntaverns.co.uk/pub-and-bar-finder/yorkshire/horse-and-farrier
The Yew Tree Public House,Newall Carr Rd,Otley,,,LS21 2AU,http://www.yewtreeotley.co.uk
