sr_num,created_date,month,enq_type,enq_sub_type,postcode,postcode_sector
2-883457747,2017-07-03,2017-07,LASBT ALMO,Noise Nuisance,LS7 3,LS7 3
2-883483167,2017-07-03,2017-07,LASBT Private,Noise Nuisance,LS7 3,LS7 3
2-883518627,2017-07-04,2017-07,LASBT ALMO,Noise Nuisance,LS9 6,LS9 6
2-883574972,2017-07-04,2017-07,LASBT Private,Noise Nuisance,LS14 3,LS14 3
2-883575455,2017-07-04,2017-07,LASBT Private,Noise Nuisance,LS17 8,LS17 8
2-883575627,2017-07-04,2017-07,LASBT Private,Noise Nuisance,LS14 6,LS14 6
2-883577650,2017-07-04,2017-07,LASBT Private,Noise Nuisance,LS7 4,LS7 4
2-883623196,2017-07-04,2017-07,LASBT Private,Noise Nuisance,LS9 6,LS9 6
2-886930962,2017-07-31,2017-07,LASBT Private,Noise Nuisance,LS17 6,LS17 6
2-883623899,2017-07-04,2017-07,LASBT Private,Noise Nuisance,LS8 3,LS8 3
2-886902285,2017-07-31,2017-07,LASBT Private,Noise Nuisance,LS14 6,LS14 6
2-886779395,2017-07-28,2017-07,LASBT Private,Noise Nuisance,LS17 5,LS17 5
2-886773935,2017-07-28,2017-07,LASBT Private,Noise Nuisance,LS8 5,LS8 5
2-883707543,2017-07-05,2017-07,LASBT Private,Noise Nuisance,LS8 3,LS8 3
2-883758261,2017-07-05,2017-07,LASBT Private,Noise Nuisance,LS8 5,LS8 5
2-886605366,2017-07-27,2017-07,LASBT Private,Noise Nuisance,LS8 4,LS8 4
2-886576509,2017-07-27,2017-07,LASBT Private,Noise Nuisance,LS9 6,LS9 6
2-886315701,2017-07-25,2017-07,LASBT Private,Noise Nuisance,LS8 3,LS8 3
2-883944823,2017-07-06,2017-07,LASBT ALMO,Noise Nuisance,LS8 5,LS8 5
2-886266803,2017-07-25,2017-07,LASBT Private,Noise Nuisance,LS17 6,LS17 6
2-886257443,2017-07-25,2017-07,LASBT Private,Noise Nuisance,LS17 5,LS17 5
2-886232246,2017-07-25,2017-07,LASBT ALMO,Noise Nuisance,LS8 3,LS8 3
2-886186819,2017-07-25,2017-07,LASBT Private,Noise Nuisance,LS9 7,LS9 7
2-886075319,2017-07-24,2017-07,Tenancy Breach,Noise Nuisance,LS17 7,LS17 7
2-884275274,2017-07-10,2017-07,LASBT Private,Noise Nuisance,LS8 5,LS8 5
2-884275494,2017-07-10,2017-07,LASBT ALMO,Noise Nuisance,LS14 1,LS14 1
2-884275883,2017-07-10,2017-07,LASBT Private,Noise Nuisance,LS8 5,LS8 5
2-884303852,2017-07-10,2017-07,LASBT Private,Noise Nuisance,LS8 5,LS8 5
2-884326056,2017-07-10,2017-07,LASBT Private,Noise Nuisance,LS17 6,LS17 6
2-885950021,2017-07-21,2017-07,LASBT Private,Noise Nuisance,LS17 8,LS17 8
2-884326671,2017-07-10,2017-07,LASBT Private,Noise Nuisance,LS8 3,LS8 3
2-885804443,2017-07-20,2017-07,LASBT Private,Noise Nuisance,LS9 6,LS9 6
2-884436533,2017-07-11,2017-07,LASBT Private,Noise Nuisance,LS9 9,LS9 9
2-884564200,2017-07-11,2017-07,LASBT Private,Noise Nuisance,LS7 4,LS7 4
2-884578873,2017-07-11,2017-07,LASBT Private,Noise Nuisance,LS8 2,LS8 2
2-885615362,2017-07-19,2017-07,LASBT Private,Noise Nuisance,LS8 2,LS8 2
2-885546337,2017-07-19,2017-07,LASBT Private,Noise Nuisance,LS22 6,LS22 6
2-885546201,2017-07-19,2017-07,LASBT Private,Noise Nuisance,LS9 8,LS9 8
2-885546049,2017-07-19,2017-07,LASBT Private,Noise Nuisance,LS7 2,LS7 2
2-884741937,2017-07-12,2017-07,LASBT Private,Noise Nuisance,LS7 4,LS7 4
2-884847302,2017-07-13,2017-07,LASBT Private,Noise Nuisance,LS17 6,LS17 6
2-885477124,2017-07-18,2017-07,LASBT ALMO,Noise Nuisance,LS7 2,LS7 2
2-885459259,2017-07-18,2017-07,LASBT Private,Noise Nuisance,LS8 1,LS8 1
2-885458365,2017-07-18,2017-07,LASBT Private,Noise Nuisance,LS8 3,LS8 3
2-884870231,2017-07-13,2017-07,LASBT Private,Noise Nuisance,LS9 6,LS9 6
2-884868870,2017-07-13,2017-07,LASBT Private,Noise Nuisance,LS14 1,LS14 1
2-885349979,2017-07-18,2017-07,LASBT Private,Noise Nuisance,LS9 7,LS9 7
2-884871668,2017-07-13,2017-07,LASBT Private,Noise Nuisance,LS8 4,LS8 4
2-884896077,2017-07-13,2017-07,LASBT Private,Noise Nuisance,LS23 6,LS23 6
2-885266069,2017-07-17,2017-07,LASBT Private,Noise Nuisance,LS14 6,LS14 6
2-885227746,2017-07-17,2017-07,LASBT Private,Noise Nuisance,LS8 3,LS8 3
2-885168538,2017-07-17,2017-07,LASBT Private,Noise Nuisance,LS8 3,LS8 3
2-884993779,2017-07-14,2017-07,Tenancy Breach,Noise Nuisance,LS14 6,LS14 6
2-885109997,2017-07-17,2017-07,LASBT Private,Noise Nuisance,LS8 3,LS8 3
2-883309968,2017-07-03,2017-07,LASBT Private,Noise Nuisance,LS1 4,LS1 4
2-883310097,2017-07-03,2017-07,LASBT Private,Noise Nuisance,LS9 0,LS9 0
2-887077671,2017-07-31,2017-07,LASBT Private,Noise Nuisance,LS25 2,LS25 2
2-887077289,2017-07-31,2017-07,LASBT Private,Noise Nuisance,LS27 7,LS27 7
2-887057972,2017-07-31,2017-07,LASBT Private,Noise Nuisance,LS12 4,LS12 4
2-883332413,2017-07-03,2017-07,LASBT Private,Noise Nuisance,LS11 5,LS11 5
2-883310362,2017-07-03,2017-07,LASBT Private,Noise Nuisance,LS15 8,LS15 8
2-887057086,2017-07-31,2017-07,LASBT Private,Noise Nuisance,LS15 8,LS15 8
2-887026522,2017-07-31,2017-07,LASBT Private,Noise Nuisance,LS10 1,LS10 1
2-887042064,2017-07-31,2017-07,LASBT Private,Noise Nuisance,LS11 0,LS11 0
2-883407705,2017-07-03,2017-07,LASBT Private,Noise Nuisance,LS11 5,LS11 5
2-883442505,2017-07-03,2017-07,LASBT Private,Noise Nuisance,LS25 2,LS25 2
2-883468136,2017-07-03,2017-07,LASBT Private,Noise Nuisance,LS26 0,LS26 0
2-883486465,2017-07-03,2017-07,LASBT Private,Noise Nuisance,LS26 0,LS26 0
2-883497336,2017-07-03,2017-07,LASBT Private,Noise Nuisance,LS12 1,LS12 1
2-883506493,2017-07-04,2017-07,LASBT Private,Noise Nuisance,LS11 7,LS11 7
2-883506675,2017-07-04,2017-07,LASBT Private,Noise Nuisance,LS27 8,LS27 8
2-883534196,2017-07-04,2017-07,LASBT Private,Noise Nuisance,LS14 5,LS14 5
2-883534382,2017-07-04,2017-07,LASBT Private,Noise Nuisance,LS2 7,LS2 7
2-883534466,2017-07-04,2017-07,LASBT Private,Noise Nuisance,LS11 5,LS11 5
2-883551096,2017-07-04,2017-07,LASBT Private,Noise Nuisance,LS10 3,LS10 3
2-883551228,2017-07-04,2017-07,LASBT Private,Noise Nuisance,LS11 9,LS11 9
2-886956187,2017-07-31,2017-07,LASBT Private,Noise Nuisance,LS10 1,LS10 1
2-883601900,2017-07-04,2017-07,LASBT Private,Noise Nuisance,LS10 3,LS10 3
2-886950216,2017-07-31,2017-07,LASBT Private,Noise Nuisance,LS11 6,LS11 6
2-883675368,2017-07-05,2017-07,LASBT Private,Noise Nuisance,LS10 3,LS10 3
2-883676604,2017-07-05,2017-07,LASBT Private,Noise Nuisance,LS25 1,LS25 1
2-886737590,2017-07-28,2017-07,LASBT Private,Noise Nuisance,BD11 1,BD11 1
2-886725960,2017-07-28,2017-07,LASBT Private,Noise Nuisance,LS10 3,LS10 3
2-886710763,2017-07-28,2017-07,LASBT Private,Noise Nuisance,LS27 7,LS27 7
2-886616567,2017-07-27,2017-07,LASBT Private,Noise Nuisance,LS25 1,LS25 1
2-886537790,2017-07-27,2017-07,Tenancy Breach,Noise Nuisance,LS27 7,LS27 7
2-886519819,2017-07-27,2017-07,LASBT ALMO,Noise Nuisance,LS27 9,LS27 9
2-886519047,2017-07-26,2017-07,LASBT Private,Noise Nuisance,LS27 7,LS27 7
2-886475642,2017-07-26,2017-07,LASBT Private,Noise Nuisance,LS25 1,LS25 1
2-886475305,2017-07-26,2017-07,LASBT Private,Noise Nuisance,LS15 9,LS15 9
2-886375844,2017-07-26,2017-07,LASBT Private,Noise Nuisance,LS2 7,LS2 7
2-883914476,2017-07-06,2017-07,LASBT Private,Noise Nuisance,LS25 7,LS25 7
2-886364499,2017-07-26,2017-07,LASBT Private,Noise Nuisance,LS11 8,LS11 8
2-886393050,2017-07-26,2017-07,LASBT Private,Noise Nuisance,LS2 7,LS2 7
2-886361833,2017-07-26,2017-07,LASBT Private,Noise Nuisance,BD11 1,BD11 1
2-886291281,2017-07-25,2017-07,LASBT Private,Noise Nuisance,LS15 7,LS15 7
2-883978170,2017-07-06,2017-07,LASBT Private,Noise Nuisance,LS10 4,LS10 4
2-886252942,2017-07-25,2017-07,LASBT Private,Noise Nuisance,LS10 1,LS10 1
2-886252712,2017-07-25,2017-07,LASBT Private,Noise Nuisance,LS11 7,LS11 7
2-886239603,2017-07-25,2017-07,LASBT Private,Noise Nuisance,LS1 3,LS1 3
2-886101615,2017-07-24,2017-07,LASBT Private,Noise Nuisance,LS26 0,LS26 0
2-886086497,2017-07-24,2017-07,LASBT Private,Noise Nuisance,N,
2-884084004,2017-07-07,2017-07,LASBT Private,Noise Nuisance,LS11 5,LS11 5
2-886101218,2017-07-24,2017-07,LASBT Private,Noise Nuisance,LS15 8,LS15 8
2-884218963,2017-07-10,2017-07,LASBT Private,Noise Nuisance,WF3 1,WF3 1
2-884219150,2017-07-10,2017-07,LASBT Private,Noise Nuisance,BD11 1,BD11 1
2-884219384,2017-07-10,2017-07,LASBT Private,Noise Nuisance,LS27 9,LS27 9
2-886032691,2017-07-24,2017-07,Tenancy Breach,Noise Nuisance,LS27 7,LS27 7
2-886016972,2017-07-24,2017-07,LASBT Private,Noise Nuisance,LS9 0,LS9 0
2-884229765,2017-07-10,2017-07,LASBT Private,Noise Nuisance,LS14 5,LS14 5
2-884238821,2017-07-10,2017-07,LASBT Private,Noise Nuisance,LS11 8,LS11 8
2-886016821,2017-07-24,2017-07,LASBT Private,Noise Nuisance,LS25 7,LS25 7
2-884268894,2017-07-10,2017-07,LASBT Private,Noise Nuisance,LS11 0,LS11 0
2-884272872,2017-07-10,2017-07,LASBT ALMO,Noise Nuisance,LS26 8,LS26 8
2-884349780,2017-07-10,2017-07,LASBT Private,Noise Nuisance,LS14 5,LS14 5
2-884374124,2017-07-10,2017-07,LASBT Private,Noise Nuisance,LS14 5,LS14 5
2-885770840,2017-07-20,2017-07,LASBT Private,Noise Nuisance,LS26 9,LS26 9
2-884435163,2017-07-11,2017-07,LASBT ALMO,Noise Nuisance,LS10 3,LS10 3
2-884454257,2017-07-11,2017-07,LASBT Private,Noise Nuisance,LS26 0,LS26 0
2-884454495,2017-07-11,2017-07,LASBT ALMO,Noise Nuisance,LS26 8,LS26 8
2-884483162,2017-07-11,2017-07,LASBT Private,Noise Nuisance,LS25 2,LS25 2
2-884483511,2017-07-11,2017-07,LASBT Private,Noise Nuisance,LS25 2,LS25 2
2-885720484,2017-07-20,2017-07,Tenancy Breach,Noise Nuisance,LS26 8,LS26 8
2-884522619,2017-07-11,2017-07,LASBT Private,Noise Nuisance,LS15 7,LS15 7
2-885682926,2017-07-20,2017-07,LASBT Private,Noise Nuisance,WF10 2,WF10 2
2-884576827,2017-07-12,2017-07,LASBT Private,Noise Nuisance,LS10 4,LS10 4
2-884627657,2017-07-12,2017-07,LASBT Private,Noise Nuisance,LS10 2,LS10 2
2-885570453,2017-07-19,2017-07,LASBT Private,Noise Nuisance,LS11 0,LS11 0
2-884627899,2017-07-12,2017-07,LASBT ALMO,Noise Nuisance,LS11 6,LS11 6
2-884643195,2017-07-12,2017-07,LASBT Private,Noise Nuisance,LS11 0,LS11 0
2-885553293,2017-07-19,2017-07,LASBT Private,Noise Nuisance,LS10 1,LS10 1
2-884699977,2017-07-12,2017-07,LASBT Private,Noise Nuisance,LS27 0,LS27 0
2-884739956,2017-07-12,2017-07,LASBT Private,Noise Nuisance,LS26 0,LS26 0
2-885521511,2017-07-19,2017-07,LASBT Private,Noise Nuisance,LS11 7,LS11 7
2-884813925,2017-07-13,2017-07,LASBT Private,Noise Nuisance,LS10 4,LS10 4
2-885490631,2017-07-18,2017-07,LASBT Private,Noise Nuisance,LS10 2,LS10 2
2-885418872,2017-07-18,2017-07,LASBT Private,Noise Nuisance,LS10 1,LS10 1
2-885418120,2017-07-18,2017-07,LASBT Private,Noise Nuisance,WF10 2,WF10 2
2-885341511,2017-07-18,2017-07,LASBT Private,Noise Nuisance,LS27 0,LS27 0
2-885236721,2017-07-17,2017-07,LASBT Private,Noise Nuisance,LS15 8,LS15 8
2-885198895,2017-07-17,2017-07,LASBT Private,Noise Nuisance,LS27 0,LS27 0
2-885197232,2017-07-17,2017-07,LASBT Private,Noise Nuisance,LS10 4,LS10 4
2-885016240,2017-07-14,2017-07,LASBT ALMO,Noise Nuisance,LS11 8,LS11 8
2-885161488,2017-07-17,2017-07,LASBT Private,Noise Nuisance,LS11 5,LS11 5
2-885031483,2017-07-14,2017-07,LASBT Private,Noise Nuisance,LS7 1,LS7 1
2-885028905,2017-07-14,2017-07,LASBT Private,Noise Nuisance,LS26 8,LS26 8
2-885146189,2017-07-17,2017-07,LASBT Private,Noise Nuisance,LS10 4,LS10 4
2-883322418,2017-07-03,2017-07,LASBT Private,Noise Nuisance,LS6 3,LS6 3
2-883322463,2017-07-03,2017-07,LASBT Private,Noise Nuisance,LS6 1,LS6 1
2-883344483,2017-07-03,2017-07,LASBT Private,Noise Nuisance,LS18 5,LS18 5
2-883365404,2017-07-03,2017-07,LASBT Private,Noise Nuisance,LS13 3,LS13 3
2-883353774,2017-07-03,2017-07,LASBT Private,Noise Nuisance,LS6 1,LS6 1
2-887033622,2017-07-31,2017-07,LASBT Private,Noise Nuisance,LS18 5,LS18 5
2-887033395,2017-07-31,2017-07,LASBT Private,Noise Nuisance,LS6 4,LS6 4
2-883402829,2017-07-03,2017-07,LASBT Private,Noise Nuisance,LS6 2,LS6 2
2-887007927,2017-07-31,2017-07,LASBT Private,Noise Nuisance,LS4 2,LS4 2
2-883477888,2017-07-03,2017-07,LASBT Private,Noise Nuisance,LS13 3,LS13 3
2-887007395,2017-07-31,2017-07,LASBT Private,Noise Nuisance,LS4 2,LS4 2
2-883497060,2017-07-03,2017-07,LASBT Private,Noise Nuisance,LS4 2,LS4 2
2-883497163,2017-07-03,2017-07,LASBT Private,Noise Nuisance,LS12 2,LS12 2
2-883497286,2017-07-03,2017-07,LASBT Private,Noise Nuisance,LS12 1,LS12 1
2-883497409,2017-07-03,2017-07,LASBT Private,Noise Nuisance,LS6 2,LS6 2
2-883497482,2017-07-03,2017-07,LASBT Private,Noise Nuisance,LS12 1,LS12 1
2-887007227,2017-07-31,2017-07,LASBT Private,Noise Nuisance,LS21 3,LS21 3
2-886989629,2017-07-31,2017-07,LASBT Private,Noise Nuisance,LS12 3,LS12 3
2-883538907,2017-07-04,2017-07,LASBT Private,Noise Nuisance,LS6 1,LS6 1
2-886974763,2017-07-31,2017-07,LASBT Private,Noise Nuisance,LS2 9,LS2 9
2-886930791,2017-07-31,2017-07,LASBT Private,Noise Nuisance,LS20 9,LS20 9
2-886729198,2017-07-28,2017-07,LASBT Private,Noise Nuisance,LS4 2,LS4 2
2-886718377,2017-07-28,2017-07,LASBT Private,Noise Nuisance,LS13 1,LS13 1
2-886697619,2017-07-28,2017-07,LASBT Private,Noise Nuisance,LS12 4,LS12 4
2-886695013,2017-07-27,2017-07,Tenancy Breach,Noise Nuisance,LS3 1,LS3 1
2-886586481,2017-07-27,2017-07,LASBT ALMO,Noise Nuisance,LS16 6,LS16 6
2-886554967,2017-07-27,2017-07,LASBT Private,Noise Nuisance,LS6 3,LS6 3
2-886567194,2017-07-27,2017-07,LASBT Private,Noise Nuisance,LS6 3,LS6 3
2-886531950,2017-07-27,2017-07,Tenancy Breach,Noise Nuisance,LS3 1,LS3 1
2-883861540,2017-07-06,2017-07,LASBT Private,Noise Nuisance,LS6 1,LS6 1
2-886391395,2017-07-26,2017-07,LASBT Private,Noise Nuisance,LS4 2,LS4 2
2-884014788,2017-07-07,2017-07,LASBT ALMO,Noise Nuisance,LS6 4,LS6 4
2-884080764,2017-07-07,2017-07,LASBT Private,Noise Nuisance,LS6 1,LS6 1
2-884080857,2017-07-07,2017-07,LASBT Private,Noise Nuisance,LS6 1,LS6 1
2-884101406,2017-07-07,2017-07,LASBT Private,Noise Nuisance,LS6 1,LS6 1
2-884120614,2017-07-07,2017-07,LASBT ALMO,Noise Nuisance,LS6 2,LS6 2
2-884120748,2017-07-07,2017-07,LASBT Private,Noise Nuisance,LS12 3,LS12 3
2-884120858,2017-07-07,2017-07,LASBT Private,Noise Nuisance,BD3 7,BD3 7
2-886077688,2017-07-24,2017-07,LASBT Private,Noise Nuisance,LS6 3,LS6 3
2-886077615,2017-07-24,2017-07,LASBT ALMO,Noise Nuisance,LS13 2,LS13 2
2-886077252,2017-07-24,2017-07,LASBT Private,Noise Nuisance,LS13 2,LS13 2
2-886077096,2017-07-24,2017-07,LASBT Private,Noise Nuisance,LS6 2,LS6 2
2-886040663,2017-07-24,2017-07,LASBT Private,Noise Nuisance,LS13 4,LS13 4
2-884161659,2017-07-07,2017-07,LASBT Private,Noise Nuisance,N,
2-885957264,2017-07-21,2017-07,LASBT Private,Noise Nuisance,LS4 2,LS4 2
2-885957105,2017-07-21,2017-07,LASBT Private,Noise Nuisance,LS19 6,LS19 6
2-885950186,2017-07-21,2017-07,LASBT Private,Noise Nuisance,LS6 1,LS6 1
2-885941916,2017-07-21,2017-07,LASBT Private,Noise Nuisance,LS13 2,LS13 2
2-884301687,2017-07-10,2017-07,LASBT Private,Noise Nuisance,N,
2-884301718,2017-07-10,2017-07,LASBT Private,Noise Nuisance,N,
2-884301800,2017-07-10,2017-07,LASBT Private,Noise Nuisance,LS28 6,LS28 6
2-884332210,2017-07-10,2017-07,LASBT Private,Noise Nuisance,LS6 3,LS6 3
2-885919162,2017-07-21,2017-07,LASBT Private,Noise Nuisance,LS16 5,LS16 5
2-885893271,2017-07-21,2017-07,LASBT Private,Noise Nuisance,LS6 1,LS6 1
2-885869627,2017-07-21,2017-07,LASBT Private,Noise Nuisance,LS6 1,LS6 1
2-885822907,2017-07-20,2017-07,LASBT Private,Noise Nuisance,N,
2-884444114,2017-07-11,2017-07,LASBT ALMO,Noise Nuisance,LS13 3,LS13 3
2-885753351,2017-07-20,2017-07,LASBT Private,Noise Nuisance,LS19 7,LS19 7
2-885753310,2017-07-20,2017-07,LASBT Private,Noise Nuisance,LS19 7,LS19 7
2-885753207,2017-07-20,2017-07,LASBT Private,Noise Nuisance,LS19 7,LS19 7
2-884511763,2017-07-11,2017-07,LASBT Private,Noise Nuisance,LS12 3,LS12 3
2-884511847,2017-07-11,2017-07,LASBT ALMO,Noise Nuisance,LS16 6,LS16 6
2-884536910,2017-07-11,2017-07,LASBT Private,Noise Nuisance,LS12 5,LS12 5
2-884537113,2017-07-11,2017-07,LASBT Private,Noise Nuisance,LS6 3,LS6 3
2-884537196,2017-07-11,2017-07,LASBT Private,Noise Nuisance,LS6 2,LS6 2
2-884537259,2017-07-11,2017-07,LASBT Private,Noise Nuisance,LS6 1,LS6 1
2-884537362,2017-07-11,2017-07,LASBT Private,Noise Nuisance,LS4 2,LS4 2
2-884537855,2017-07-11,2017-07,LASBT Private,Noise Nuisance,LS16 5,LS16 5
2-884545059,2017-07-11,2017-07,LASBT Private,Noise Nuisance,LS7 2,LS7 2
2-884545190,2017-07-11,2017-07,LASBT Private,Noise Nuisance,LS12 4,LS12 4
2-884545463,2017-07-11,2017-07,LASBT Private,Noise Nuisance,LS13 2,LS13 2
2-884545875,2017-07-11,2017-07,LASBT Private,Noise Nuisance,N,
2-885721651,2017-07-20,2017-07,LASBT Private,Noise Nuisance,LS6 3,LS6 3
2-885644021,2017-07-19,2017-07,LASBT Private,Noise Nuisance,LS21 1,LS21 1
2-884576870,2017-07-12,2017-07,LASBT Private,Noise Nuisance,LS6 1,LS6 1
2-885533620,2017-07-19,2017-07,LASBT Private,Noise Nuisance,LS19 6,LS19 6
2-884702184,2017-07-12,2017-07,LASBT ALMO,Noise Nuisance,LS12 5,LS12 5
2-885533474,2017-07-19,2017-07,LASBT Private,Noise Nuisance,LS6 1,LS6 1
2-885533421,2017-07-19,2017-07,LASBT Private,Noise Nuisance,LS16 5,LS16 5
2-884753348,2017-07-12,2017-07,LASBT ALMO,Noise Nuisance,LS12 5,LS12 5
2-885533128,2017-07-19,2017-07,LASBT Private,Noise Nuisance,LS6 1,LS6 1
2-885533055,2017-07-19,2017-07,LASBT Private,Noise Nuisance,LS13 1,LS13 1
2-885510972,2017-07-19,2017-07,LASBT Private,Noise Nuisance,LS13 2,LS13 2
2-885510606,2017-07-19,2017-07,LASBT Private,Noise Nuisance,LS12 3,LS12 3
2-884824094,2017-07-13,2017-07,LASBT Private,Noise Nuisance,LS16 6,LS16 6
2-884866336,2017-07-13,2017-07,LASBT ALMO,Noise Nuisance,LS12 2,LS12 2
2-885402745,2017-07-18,2017-07,LASBT Private,Noise Nuisance,LS19 7,LS19 7
2-884883057,2017-07-13,2017-07,LASBT Private,Noise Nuisance,LS12 2,LS12 2
2-885359746,2017-07-18,2017-07,LASBT Private,Noise Nuisance,LS6 2,LS6 2
2-884907309,2017-07-13,2017-07,LASBT Private,Noise Nuisance,LS6 1,LS6 1
2-884907556,2017-07-13,2017-07,LASBT Private,Noise Nuisance,LS6 1,LS6 1
2-885196958,2017-07-17,2017-07,LASBT Private,Noise Nuisance,LS28 5,LS28 5
2-884970627,2017-07-14,2017-07,LASBT Private,Noise Nuisance,LS16 7,LS16 7
2-884989133,2017-07-14,2017-07,LASBT Private,Noise Nuisance,LS13 3,LS13 3
2-885176150,2017-07-17,2017-07,Tenancy Breach,Noise Nuisance,LS12 5,LS12 5
2-884991952,2017-07-14,2017-07,LASBT ALMO,Noise Nuisance,LS12 5,LS12 5
2-885150769,2017-07-17,2017-07,LASBT Private,Noise Nuisance,LS28 8,LS28 8
2-885156234,2017-07-17,2017-07,LASBT ALMO,Noise Nuisance,LS16 6,LS16 6
2-885054815,2017-07-14,2017-07,LASBT Private,Noise Nuisance,LS6 3,LS6 3
2-885083167,2017-07-14,2017-07,LASBT Private,Noise Nuisance,LS6 1,LS6 1
2-883287579,2017-07-03,2017-07,LASBT Private,Noise Nuisance,LS6 4,LS6 4
2-883331416,2017-07-03,2017-07,LASBT Private,Noise Nuisance,LS5 3,LS5 3
2-883303765,2017-07-03,2017-07,Tenancy Breach,Noise Nuisance,LS8 1,LS8 1
2-887047949,2017-07-31,2017-07,Tenancy Breach,Noise Nuisance,LS14 6,LS14 6
2-883344124,2017-07-03,2017-07,Tenancy Breach,Noise Nuisance,LS11 9,LS11 9
2-887049849,2017-07-31,2017-07,LASBT ALMO,Noise Nuisance,LS7 1,LS7 1
2-887033720,2017-07-31,2017-07,LASBT ALMO,Noise Nuisance,LS12 5,LS12 5
2-887030600,2017-07-31,2017-07,Tenancy Breach,Noise Nuisance,LS12 1,LS12 1
2-883362270,2017-07-03,2017-07,LASBT ALMO,Noise Nuisance,LS11 5,LS11 5
2-883367783,2017-07-03,2017-07,Tenancy Breach,Noise Nuisance,LS14 6,LS14 6
2-883353513,2017-07-03,2017-07,Tenancy Breach,Noise Nuisance,LS12 3,LS12 3
2-883353744,2017-07-03,2017-07,Tenancy Breach,Noise Nuisance,LS12 3,LS12 3
2-883383130,2017-07-03,2017-07,Tenancy Breach,Noise Nuisance,LS8 3,LS8 3
2-883388573,2017-07-03,2017-07,LASBT ALMO,Noise Nuisance,LS11 5,LS11 5
2-883391672,2017-07-03,2017-07,Tenancy Breach,Noise Nuisance,LS6 2,LS6 2
2-887027345,2017-07-31,2017-07,Tenancy Breach,Noise Nuisance,LS13 4,LS13 4
2-883442668,2017-07-03,2017-07,Tenancy Breach,Noise Nuisance,LS8 3,LS8 3
2-883457579,2017-07-03,2017-07,LASBT Private,Noise Nuisance,LS8 3,LS8 3
2-883465515,2017-07-03,2017-07,Tenancy Breach,Noise Nuisance,LS12 3,LS12 3
2-887021058,2017-07-31,2017-07,LASBT ALMO,Noise Nuisance,LS13 2,LS13 2
2-883479102,2017-07-03,2017-07,LASBT Private,Noise Nuisance,LS6 2,LS6 2
2-883487990,2017-07-03,2017-07,Tenancy Breach,Noise Nuisance,LS26 0,LS26 0
2-887001059,2017-07-31,2017-07,LASBT ALMO,Noise Nuisance,LS13 1,LS13 1
2-883497791,2017-07-03,2017-07,LASBT Private,Noise Nuisance,LS12 4,LS12 4
2-886993081,2017-07-31,2017-07,Tenancy Breach,Noise Nuisance,LS9 6,LS9 6
2-883552215,2017-07-04,2017-07,LASBT Private,Noise Nuisance,LS15 7,LS15 7
2-883544297,2017-07-04,2017-07,Tenancy Breach,Noise Nuisance,LS15 0,LS15 0
2-883546727,2017-07-04,2017-07,Tenancy Breach,Noise Nuisance,LS27 7,LS27 7
2-886986353,2017-07-31,2017-07,Tenancy Breach,Noise Nuisance,LS8 3,LS8 3
2-883575234,2017-07-04,2017-07,LASBT Private,Noise Nuisance,LS9 0,LS9 0
2-883593334,2017-07-04,2017-07,LASBT Private,Noise Nuisance,LS2 9,LS2 9
2-883622917,2017-07-04,2017-07,LASBT Private,Noise Nuisance,LS7 2,LS7 2
2-883648926,2017-07-04,2017-07,Tenancy Breach,Noise Nuisance,LS12 3,LS12 3
2-883634813,2017-07-04,2017-07,LASBT ALMO,Noise Nuisance,LS9 9,LS9 9
2-886796402,2017-07-28,2017-07,LASBT ALMO,Noise Nuisance,LS14 1,LS14 1
2-883661063,2017-07-04,2017-07,Tenancy Breach,Noise Nuisance,LS9 6,LS9 6
2-883678280,2017-07-04,2017-07,LASBT ALMO,Noise Nuisance,LS12 1,LS12 1
2-883699081,2017-07-05,2017-07,Tenancy Breach,Noise Nuisance,LS21 1,LS21 1
2-886773616,2017-07-28,2017-07,Tenancy Breach,Noise Nuisance,LS25 1,LS25 1
2-886740857,2017-07-28,2017-07,Tenancy Breach,Noise Nuisance,LS5 3,LS5 3
2-886752094,2017-07-28,2017-07,Tenancy Breach,Noise Nuisance,LS17 5,LS17 5
2-883713169,2017-07-05,2017-07,LASBT Private,Noise Nuisance,LS13 3,LS13 3
2-886678698,2017-07-28,2017-07,Tenancy Breach,Noise Nuisance,LS9 7,LS9 7
2-883757684,2017-07-05,2017-07,LASBT ALMO,Noise Nuisance,LS9 7,LS9 7
2-886685057,2017-07-27,2017-07,Tenancy Breach,Noise Nuisance,LS10 2,LS10 2
2-886666543,2017-07-27,2017-07,Tenancy Breach,Noise Nuisance,LS14 1,LS14 1
2-886643640,2017-07-27,2017-07,Tenancy Breach,Noise Nuisance,LS22 6,LS22 6
2-886614213,2017-07-27,2017-07,Tenancy Breach,Noise Nuisance,LS21 2,LS21 2
2-886601633,2017-07-27,2017-07,LASBT Private,Noise Nuisance,LS21 2,LS21 2
2-886609120,2017-07-27,2017-07,Tenancy Breach,Noise Nuisance,LS11 0,LS11 0
2-886582856,2017-07-27,2017-07,Tenancy Breach,Noise Nuisance,LS16 6,LS16 6
2-883792897,2017-07-05,2017-07,Tenancy Breach,Noise Nuisance,LS16 6,LS16 6
2-883794769,2017-07-05,2017-07,Tenancy Breach,Noise Nuisance,LS14 2,LS14 2
2-886554791,2017-07-27,2017-07,Tenancy Breach,Noise Nuisance,LS10 3,LS10 3
2-883859001,2017-07-05,2017-07,LASBT Private,Noise Nuisance,LS6 1,LS6 1
2-883861388,2017-07-06,2017-07,LASBT Private,Noise Nuisance,LS19 6,LS19 6
2-883861738,2017-07-06,2017-07,LASBT Private,Noise Nuisance,LS6 1,LS6 1
2-883874218,2017-07-06,2017-07,Tenancy Breach,Noise Nuisance,LS13 2,LS13 2
2-883883936,2017-07-06,2017-07,LASBT Private,Noise Nuisance,LS12 5,LS12 5
2-883872805,2017-07-06,2017-07,LASBT Private,Noise Nuisance,LS13 4,LS13 4
2-886475124,2017-07-26,2017-07,LASBT ALMO,Noise Nuisance,LS25 3,LS25 3
2-886466042,2017-07-26,2017-07,Tenancy Breach,Noise Nuisance,LS22 7,LS22 7
2-886391920,2017-07-26,2017-07,LASBT ALMO,Noise Nuisance,LS13 4,LS13 4
2-886394092,2017-07-26,2017-07,Tenancy Breach,Noise Nuisance,LS26 8,LS26 8
2-883933306,2017-07-06,2017-07,Tenancy Breach,Noise Nuisance,LS12 3,LS12 3
2-886361489,2017-07-25,2017-07,Tenancy Breach,Noise Nuisance,LS14 1,LS14 1
2-886340464,2017-07-25,2017-07,LASBT ALMO,Noise Nuisance,WF10 2,WF10 2
2-886296774,2017-07-25,2017-07,LASBT ALMO,Noise Nuisance,LS10 3,LS10 3
2-883951409,2017-07-06,2017-07,Tenancy Breach,Noise Nuisance,LS14 5,LS14 5
2-886310035,2017-07-25,2017-07,Tenancy Breach,Noise Nuisance,LS7 4,LS7 4
2-883975376,2017-07-06,2017-07,LASBT ALMO,Noise Nuisance,LS11 5,LS11 5
2-883970378,2017-07-06,2017-07,LASBT Private,Noise Nuisance,LS6 1,LS6 1
2-886243633,2017-07-25,2017-07,LASBT ALMO,Noise Nuisance,LS26 8,LS26 8
2-886229771,2017-07-25,2017-07,Tenancy Breach,Noise Nuisance,LS9 7,LS9 7
2-886219457,2017-07-25,2017-07,Tenancy Breach,Noise Nuisance,LS13 4,LS13 4
2-883996897,2017-07-06,2017-07,LASBT ALMO,Noise Nuisance,LS7 2,LS7 2
2-884004599,2017-07-07,2017-07,LASBT ALMO,Noise Nuisance,LS12 3,LS12 3
2-884041154,2017-07-07,2017-07,Tenancy Breach,Noise Nuisance,LS6 2,LS6 2
2-886192383,2017-07-25,2017-07,Tenancy Breach,Noise Nuisance,LS6 2,LS6 2
2-884056033,2017-07-07,2017-07,LASBT ALMO,Noise Nuisance,LS13 2,LS13 2
2-886179775,2017-07-24,2017-07,Tenancy Breach,Noise Nuisance,LS14 1,LS14 1
2-886146566,2017-07-24,2017-07,Tenancy Breach,Noise Nuisance,LS6 2,LS6 2
2-886122130,2017-07-24,2017-07,LASBT ALMO,Noise Nuisance,LS27 8,LS27 8
2-884080500,2017-07-07,2017-07,LASBT Private,Noise Nuisance,LS6 1,LS6 1
2-886080250,2017-07-24,2017-07,Tenancy Breach,Noise Nuisance,LS13 1,LS13 1
2-884087620,2017-07-07,2017-07,Tenancy Breach,Noise Nuisance,LS14 1,LS14 1
2-886081972,2017-07-24,2017-07,LASBT Private,Noise Nuisance,LS10 3,LS10 3
2-886086319,2017-07-24,2017-07,Tenancy Breach,Noise Nuisance,LS28 8,LS28 8
2-886075666,2017-07-24,2017-07,Tenancy Breach,Noise Nuisance,LS9 7,LS9 7
2-886081626,2017-07-24,2017-07,Tenancy Breach,Noise Nuisance,LS14 1,LS14 1
2-886047988,2017-07-24,2017-07,LASBT ALMO,Noise Nuisance,LS15 0,LS15 0
2-884126412,2017-07-07,2017-07,LASBT ALMO,Noise Nuisance,LS5 3,LS5 3
2-884139087,2017-07-07,2017-07,Tenancy Breach,Noise Nuisance,LS17 7,LS17 7
2-886052676,2017-07-24,2017-07,Tenancy Breach,Noise Nuisance,LS22 6,LS22 6
2-884157596,2017-07-07,2017-07,Tenancy Breach,Noise Nuisance,LS5 3,LS5 3
2-884172979,2017-07-07,2017-07,Tenancy Breach,Noise Nuisance,LS6 2,LS6 2
2-884162331,2017-07-07,2017-07,LASBT ALMO,Noise Nuisance,LS13 1,LS13 1
2-886005859,2017-07-24,2017-07,Tenancy Breach,Noise Nuisance,LS13 1,LS13 1
2-884273920,2017-07-10,2017-07,LASBT Private,Noise Nuisance,LS16 6,LS16 6
2-884276330,2017-07-10,2017-07,Tenancy Breach,Noise Nuisance,LS10 4,LS10 4
2-886005624,2017-07-24,2017-07,Tenancy Breach,Noise Nuisance,LS14 1,LS14 1
2-885957582,2017-07-21,2017-07,LASBT Private,Noise Nuisance,LS3 1,LS3 1
2-885957404,2017-07-21,2017-07,LASBT Private,Noise Nuisance,LS28 7,LS28 7
2-884263826,2017-07-10,2017-07,Tenancy Breach,Noise Nuisance,LS12 5,LS12 5
2-885911157,2017-07-21,2017-07,Tenancy Breach,Noise Nuisance,LS17 6,LS17 6
2-884343192,2017-07-10,2017-07,LASBT ALMO,Noise Nuisance,LS9 7,LS9 7
2-884328443,2017-07-10,2017-07,Tenancy Breach,Noise Nuisance,LS13 2,LS13 2
2-885890802,2017-07-21,2017-07,Tenancy Breach,Noise Nuisance,LS13 1,LS13 1
2-885843788,2017-07-21,2017-07,LASBT Private,Noise Nuisance,LS6 1,LS6 1
2-885846135,2017-07-21,2017-07,Tenancy Breach,Noise Nuisance,LS11 0,LS11 0
2-885822361,2017-07-20,2017-07,LASBT ALMO,Noise Nuisance,LS12 1,LS12 1
2-884377344,2017-07-10,2017-07,LASBT Private,Noise Nuisance,LS17 5,LS17 5
2-885781653,2017-07-20,2017-07,Tenancy Breach,Noise Nuisance,LS9 7,LS9 7
2-885782089,2017-07-20,2017-07,Tenancy Breach,Noise Nuisance,LS14 1,LS14 1
2-885736490,2017-07-20,2017-07,LASBT Private,Noise Nuisance,LS20 9,LS20 9
2-884483880,2017-07-11,2017-07,LASBT ALMO,Noise Nuisance,LS27 0,LS27 0
2-885728646,2017-07-20,2017-07,Tenancy Breach,Noise Nuisance,LS16 6,LS16 6
2-884510860,2017-07-11,2017-07,Tenancy Breach,Noise Nuisance,LS12 5,LS12 5
2-885724346,2017-07-20,2017-07,Tenancy Breach,Noise Nuisance,LS9 7,LS9 7
2-885689749,2017-07-20,2017-07,Tenancy Breach,Noise Nuisance,LS28 9,LS28 9
2-885680699,2017-07-20,2017-07,Tenancy Breach,Noise Nuisance,LS15 0,LS15 0
2-884563917,2017-07-11,2017-07,Tenancy Breach,Noise Nuisance,LS12 3,LS12 3
2-884595562,2017-07-11,2017-07,LASBT ALMO,Noise Nuisance,LS28 7,LS28 7
2-885599268,2017-07-19,2017-07,Tenancy Breach,Noise Nuisance,LS9 7,LS9 7
2-885500588,2017-07-19,2017-07,Tenancy Breach,Noise Nuisance,LS8 3,LS8 3
2-884639611,2017-07-12,2017-07,Tenancy Breach,Noise Nuisance,LS22 6,LS22 6
2-885533710,2017-07-19,2017-07,LASBT ALMO,Noise Nuisance,LS18 4,LS18 4
2-885541140,2017-07-19,2017-07,Tenancy Breach,Noise Nuisance,LS14 1,LS14 1
2-885536555,2017-07-19,2017-07,LASBT Private,Noise Nuisance,LS18 4,LS18 4
2-885533527,2017-07-19,2017-07,LASBT ALMO,Noise Nuisance,LS5 3,LS5 3
2-885520942,2017-07-19,2017-07,Tenancy Breach,Noise Nuisance,WF3 1,WF3 1
2-884749227,2017-07-12,2017-07,Tenancy Breach,Noise Nuisance,LS14 6,LS14 6
2-885534115,2017-07-19,2017-07,Tenancy Breach,Noise Nuisance,LS17 6,LS17 6
2-884800433,2017-07-13,2017-07,Tenancy Breach,Noise Nuisance,LS10 2,LS10 2
2-884818392,2017-07-13,2017-07,Tenancy Breach,Noise Nuisance,LS14 6,LS14 6
2-885510463,2017-07-19,2017-07,LASBT ALMO,Noise Nuisance,LS13 2,LS13 2
2-885510109,2017-07-19,2017-07,LASBT Private,Noise Nuisance,LS6 3,LS6 3
2-885496559,2017-07-18,2017-07,Tenancy Breach,Noise Nuisance,LS12 3,LS12 3
2-884850866,2017-07-13,2017-07,Tenancy Breach,Noise Nuisance,LS18 5,LS18 5
2-884890173,2017-07-13,2017-07,Tenancy Breach,Noise Nuisance,LS12 5,LS12 5
2-885302823,2017-07-18,2017-07,LASBT ALMO,Noise Nuisance,LS11 6,LS11 6
2-884902143,2017-07-13,2017-07,LASBT ALMO,Noise Nuisance,LS6 1,LS6 1
2-885282832,2017-07-17,2017-07,Tenancy Breach,Noise Nuisance,LS6 3,LS6 3
2-884895689,2017-07-13,2017-07,Tenancy Breach,Noise Nuisance,LS13 2,LS13 2
2-885277335,2017-07-17,2017-07,Tenancy Breach,Noise Nuisance,LS12 3,LS12 3
2-884903369,2017-07-13,2017-07,LASBT ALMO,Noise Nuisance,LS12 1,LS12 1
2-885231121,2017-07-17,2017-07,LASBT Private,Noise Nuisance,LS21 3,LS21 3
2-885197092,2017-07-17,2017-07,LASBT Private,Noise Nuisance,LS11 8,LS11 8
2-884967368,2017-07-14,2017-07,LASBT Private,Noise Nuisance,LS27 8,LS27 8
2-885175920,2017-07-17,2017-07,LASBT Private,Noise Nuisance,LS26 8,LS26 8
2-885172807,2017-07-17,2017-07,LASBT Private,Noise Nuisance,LS8 1,LS8 1
2-885180036,2017-07-17,2017-07,Tenancy Breach,Noise Nuisance,LS12 2,LS12 2
2-885155407,2017-07-17,2017-07,Tenancy Breach,Noise Nuisance,LS26 0,LS26 0
2-885069824,2017-07-14,2017-07,Tenancy Breach,Noise Nuisance,LS14 1,LS14 1
2-887125061,2017-08-01,2017-08,LASBT Private,Noise Nuisance,LS8 3,LS8 3
2-887125462,2017-08-01,2017-08,LASBT Private,Noise Nuisance,LS7 2,LS7 2
2-887145974,2017-08-01,2017-08,LASBT Private,Noise Nuisance,LS9 9,LS9 9
2-887174902,2017-08-01,2017-08,LASBT Private,Noise Nuisance,LS17 5,LS17 5
2-887204025,2017-08-01,2017-08,LASBT Private,Noise Nuisance,LS9 9,LS9 9
2-890539182,2017-08-30,2017-08,LASBT Private,Noise Nuisance,LS17 5,LS17 5
2-890539082,2017-08-30,2017-08,LASBT Private,Noise Nuisance,LS9 8,LS9 8
2-887204692,2017-08-01,2017-08,LASBT Private,Noise Nuisance,LS8 2,LS8 2
2-890500150,2017-08-30,2017-08,LASBT ALMO,Noise Nuisance,LS15 7,LS15 7
2-890478250,2017-08-30,2017-08,LASBT Private,Noise Nuisance,LS9 9,LS9 9
2-890462230,2017-08-30,2017-08,LASBT Private,Noise Nuisance,LS8 2,LS8 2
2-890457356,2017-08-30,2017-08,LASBT Private,Noise Nuisance,LS8 5,LS8 5
2-887318775,2017-08-02,2017-08,LASBT Private,Noise Nuisance,LS8 2,LS8 2
2-890415768,2017-08-30,2017-08,LASBT Private,Noise Nuisance,LS7 3,LS7 3
2-887341447,2017-08-02,2017-08,LASBT Private,Noise Nuisance,LS14 6,LS14 6
2-887341408,2017-08-02,2017-08,LASBT Private,Noise Nuisance,LS7 1,LS7 1
2-887380318,2017-08-02,2017-08,LASBT Private,Noise Nuisance,LS8 5,LS8 5
2-887497223,2017-08-03,2017-08,LASBT Private,Noise Nuisance,LS8 3,LS8 3
2-887506353,2017-08-03,2017-08,Tenancy Breach,Noise Nuisance,LS8 3,LS8 3
2-887497902,2017-08-03,2017-08,LASBT Private,Noise Nuisance,LS9 9,LS9 9
2-890259054,2017-08-29,2017-08,LASBT Private,Noise Nuisance,LS17 6,LS17 6
2-890233487,2017-08-29,2017-08,LASBT Private,Noise Nuisance,LS7 3,LS7 3
2-890217041,2017-08-29,2017-08,LASBT ALMO,Noise Nuisance,LS14 6,LS14 6
2-887585256,2017-08-03,2017-08,Tenancy Breach,Noise Nuisance,LS8 5,LS8 5
2-887598605,2017-08-04,2017-08,LASBT Private,Noise Nuisance,LS14 6,LS14 6
2-887629221,2017-08-04,2017-08,LASBT Private,Noise Nuisance,LS8 5,LS8 5
2-890172265,2017-08-25,2017-08,LASBT Private,Noise Nuisance,LS9 6,LS9 6
2-887708114,2017-08-04,2017-08,LASBT Private,Noise Nuisance,LS8 3,LS8 3
2-890105128,2017-08-25,2017-08,LASBT Private,Noise Nuisance,LS6 4,LS6 4
2-887743731,2017-08-04,2017-08,LASBT Private,Noise Nuisance,LS6 4,LS6 4
2-887811443,2017-08-07,2017-08,LASBT Private,Noise Nuisance,LS9 7,LS9 7
2-889866668,2017-08-23,2017-08,LASBT Private,Noise Nuisance,LS7 4,LS7 4
2-889855401,2017-08-23,2017-08,LASBT Private,Noise Nuisance,LS7 2,LS7 2
2-889832649,2017-08-23,2017-08,LASBT Private,Noise Nuisance,LS17 9,LS17 9
2-887922915,2017-08-07,2017-08,LASBT ALMO,Noise Nuisance,LS8 1,LS8 1
2-887935530,2017-08-07,2017-08,LASBT Private,Noise Nuisance,LS14 6,LS14 6
2-889839766,2017-08-23,2017-08,LASBT Private,Noise Nuisance,LS9 9,LS9 9
2-887945691,2017-08-07,2017-08,LASBT Private,Noise Nuisance,LS14 6,LS14 6
2-887945734,2017-08-07,2017-08,LASBT Private,Noise Nuisance,LS17 6,LS17 6
2-887972578,2017-08-08,2017-08,LASBT Private,Noise Nuisance,LS8 3,LS8 3
2-887976986,2017-08-08,2017-08,Tenancy Breach,Noise Nuisance,LS17 5,LS17 5
2-888008156,2017-08-08,2017-08,LASBT Private,Noise Nuisance,LS8 1,LS8 1
2-888036735,2017-08-08,2017-08,LASBT Private,Noise Nuisance,LS7 4,LS7 4
2-889731032,2017-08-22,2017-08,LASBT Private,Noise Nuisance,LS8 5,LS8 5
2-889711936,2017-08-22,2017-08,LASBT Private,Noise Nuisance,LS22 6,LS22 6
2-889666872,2017-08-22,2017-08,LASBT Private,Noise Nuisance,LS17 8,LS17 8
2-889666319,2017-08-22,2017-08,LASBT ALMO,Noise Nuisance,LS14 6,LS14 6
2-888133996,2017-08-09,2017-08,LASBT Private,Noise Nuisance,LS23 6,LS23 6
2-889639957,2017-08-22,2017-08,LASBT ALMO,Noise Nuisance,LS14 1,LS14 1
2-889639436,2017-08-22,2017-08,LASBT ALMO,Noise Nuisance,LS7 2,LS7 2
2-889624272,2017-08-22,2017-08,LASBT Private,Noise Nuisance,LS9 6,LS9 6
2-888206259,2017-08-09,2017-08,LASBT ALMO,Noise Nuisance,LS14 5,LS14 5
2-889604967,2017-08-22,2017-08,LASBT Private,Noise Nuisance,LS7 4,LS7 4
2-888238165,2017-08-09,2017-08,LASBT Private,Noise Nuisance,LS14 1,LS14 1
2-889585690,2017-08-21,2017-08,LASBT Private,Noise Nuisance,LS9 6,LS9 6
2-888358344,2017-08-10,2017-08,LASBT ALMO,Noise Nuisance,LS7 2,LS7 2
2-889532792,2017-08-21,2017-08,LASBT Private,Noise Nuisance,LS9 6,LS9 6
2-888371291,2017-08-10,2017-08,LASBT Private,Noise Nuisance,LS8 3,LS8 3
2-888430858,2017-08-11,2017-08,LASBT ALMO,Noise Nuisance,LS9 7,LS9 7
2-888495237,2017-08-11,2017-08,LASBT Private,Noise Nuisance,LS22 7,LS22 7
2-889455895,2017-08-21,2017-08,LASBT Private,Noise Nuisance,LS9 9,LS9 9
2-889463263,2017-08-21,2017-08,LASBT Private,Noise Nuisance,LS9 6,LS9 6
2-889290072,2017-08-18,2017-08,LASBT Private,Noise Nuisance,LS7 3,LS7 3
2-889241031,2017-08-17,2017-08,LASBT Private,Noise Nuisance,LS8 2,LS8 2
2-889200326,2017-08-17,2017-08,LASBT Private,Noise Nuisance,LS7 2,LS7 2
2-889184594,2017-08-17,2017-08,LASBT Private,Noise Nuisance,LS17 5,LS17 5
2-889162311,2017-08-17,2017-08,LASBT Private,Noise Nuisance,LS9 7,LS9 7
2-889134556,2017-08-17,2017-08,LASBT ALMO,Noise Nuisance,LS9 9,LS9 9
2-889118317,2017-08-17,2017-08,LASBT Private,Noise Nuisance,LS9 9,LS9 9
2-889118263,2017-08-17,2017-08,LASBT Private,Noise Nuisance,LS17 6,LS17 6
2-889118045,2017-08-17,2017-08,LASBT Private,Noise Nuisance,LS8 3,LS8 3
2-888917571,2017-08-15,2017-08,LASBT Private,Noise Nuisance,LS7 4,LS7 4
2-890662271,2017-08-31,2017-08,LASBT Private,Noise Nuisance,LS14 5,LS14 5
2-887180680,2017-08-01,2017-08,Tenancy Breach,Noise Nuisance,BD11 1,BD11 1
2-890491121,2017-08-30,2017-08,LASBT Private,Noise Nuisance,LS27 0,LS27 0
2-890477699,2017-08-30,2017-08,LASBT ALMO,Noise Nuisance,WF3 1,WF3 1
2-890462770,2017-08-30,2017-08,LASBT Private,Noise Nuisance,LS27 7,LS27 7
2-887245208,2017-08-01,2017-08,LASBT Private,Noise Nuisance,LS11 7,LS11 7
2-890460037,2017-08-30,2017-08,LASBT Private,Noise Nuisance,LS27 0,LS27 0
2-887245644,2017-08-01,2017-08,LASBT Private,Noise Nuisance,LS27 9,LS27 9
2-887259526,2017-08-01,2017-08,Tenancy Breach,Noise Nuisance,LS27 7,LS27 7
2-887425025,2017-08-02,2017-08,LASBT Private,Noise Nuisance,LS11 6,LS11 6
2-890410469,2017-08-30,2017-08,Tenancy Breach,Noise Nuisance,LS11 0,LS11 0
2-890333727,2017-08-29,2017-08,LASBT Private,Noise Nuisance,LS27 9,LS27 9
2-887455761,2017-08-03,2017-08,LASBT Private,Noise Nuisance,LS15 0,LS15 0
2-890326502,2017-08-29,2017-08,LASBT Private,Noise Nuisance,LS15 0,LS15 0
2-890299355,2017-08-29,2017-08,LASBT Private,Noise Nuisance,LS15 7,LS15 7
2-890284483,2017-08-29,2017-08,LASBT Private,Noise Nuisance,LS10 1,LS10 1
2-890284055,2017-08-29,2017-08,LASBT Private,Noise Nuisance,LS27 9,LS27 9
2-890259847,2017-08-29,2017-08,LASBT Private,Noise Nuisance,LS27 9,LS27 9
2-890240585,2017-08-29,2017-08,LASBT Private,Noise Nuisance,LS27 8,LS27 8
2-890179793,2017-08-25,2017-08,Tenancy Breach,Noise Nuisance,LS27 9,LS27 9
2-890144893,2017-08-25,2017-08,LASBT Private,Noise Nuisance,LS11 0,LS11 0
2-890152038,2017-08-25,2017-08,LASBT Private,Noise Nuisance,WF3 2,WF3 2
2-887751076,2017-08-04,2017-08,LASBT Private,Noise Nuisance,LS10 3,LS10 3
2-887751783,2017-08-04,2017-08,Tenancy Breach,Noise Nuisance,LS27 7,LS27 7
2-887818089,2017-08-07,2017-08,LASBT Private,Noise Nuisance,LS10 1,LS10 1
2-890038874,2017-08-25,2017-08,LASBT Private,Noise Nuisance,LS11 7,LS11 7
2-889967906,2017-08-24,2017-08,LASBT Private,Noise Nuisance,LS10 4,LS10 4
2-889896969,2017-08-24,2017-08,LASBT Private,Noise Nuisance,LS25 4,LS25 4
2-887900582,2017-08-07,2017-08,LASBT ALMO,Noise Nuisance,WF3 1,WF3 1
2-889887663,2017-08-23,2017-08,Tenancy Breach,Noise Nuisance,LS26 9,LS26 9
2-887903474,2017-08-07,2017-08,LASBT Private,Noise Nuisance,LS14 2,LS14 2
2-889782158,2017-08-23,2017-08,LASBT Private,Noise Nuisance,WF3 3,WF3 3
2-889766893,2017-08-23,2017-08,LASBT Private,Noise Nuisance,LS27 0,LS27 0
2-888019972,2017-08-08,2017-08,LASBT Private,Noise Nuisance,LS26 8,LS26 8
2-889712840,2017-08-22,2017-08,LASBT ALMO,Noise Nuisance,LS26 8,LS26 8
2-889675776,2017-08-22,2017-08,LASBT Private,Noise Nuisance,LS26 8,LS26 8
2-888128093,2017-08-08,2017-08,Tenancy Breach,Noise Nuisance,LS27 9,LS27 9
2-889624860,2017-08-22,2017-08,LASBT Private,Noise Nuisance,WF3 2,WF3 2
2-889624330,2017-08-22,2017-08,LASBT Private,Noise Nuisance,LS15 7,LS15 7
2-888170983,2017-08-09,2017-08,LASBT Private,Noise Nuisance,WF3 3,WF3 3
2-888248210,2017-08-09,2017-08,LASBT Private,Noise Nuisance,LS25 1,LS25 1
2-888248559,2017-08-09,2017-08,LASBT Private,Noise Nuisance,LS27 9,LS27 9
2-888248689,2017-08-09,2017-08,LASBT Private,Noise Nuisance,LS11 6,LS11 6
2-888306755,2017-08-10,2017-08,LASBT Private,Noise Nuisance,LS25 7,LS25 7
2-889545609,2017-08-21,2017-08,LASBT Private,Noise Nuisance,LS2 7,LS2 7
2-888379275,2017-08-10,2017-08,LASBT ALMO,Noise Nuisance,WF3 1,WF3 1
2-888386391,2017-08-10,2017-08,LASBT Private,Noise Nuisance,LS26 0,LS26 0
2-888432740,2017-08-11,2017-08,LASBT Private,Noise Nuisance,LS10 3,LS10 3
2-889517396,2017-08-21,2017-08,LASBT Private,Noise Nuisance,LS27 0,LS27 0
2-889459151,2017-08-21,2017-08,LASBT Private,Noise Nuisance,LS1 4,LS1 4
2-889449484,2017-08-21,2017-08,LASBT Private,Noise Nuisance,LS15 9,LS15 9
2-888525991,2017-08-11,2017-08,Tenancy Breach,Noise Nuisance,LS27 7,LS27 7
2-889428872,2017-08-21,2017-08,LASBT Private,Noise Nuisance,LS15 7,LS15 7
2-889428493,2017-08-21,2017-08,LASBT Private,Noise Nuisance,LS25 1,LS25 1
2-889391530,2017-08-18,2017-08,LASBT Private,Noise Nuisance,BD11 1,BD11 1
2-888605648,2017-08-14,2017-08,LASBT Private,Noise Nuisance,LS27 0,LS27 0
2-889326204,2017-08-18,2017-08,LASBT Private,Noise Nuisance,LS27 9,LS27 9
2-888601749,2017-08-14,2017-08,LASBT Private,Noise Nuisance,LS11 8,LS11 8
2-888666764,2017-08-14,2017-08,LASBT Private,Noise Nuisance,LS15 8,LS15 8
2-888686005,2017-08-14,2017-08,LASBT Private,Noise Nuisance,LS11 9,LS11 9
2-888666829,2017-08-14,2017-08,LASBT Private,Noise Nuisance,LS14 5,LS14 5
2-889224597,2017-08-17,2017-08,LASBT Private,Noise Nuisance,LS11 8,LS11 8
2-888686743,2017-08-14,2017-08,LASBT Private,Noise Nuisance,LS27 0,LS27 0
2-888714295,2017-08-14,2017-08,LASBT Private,Noise Nuisance,LS26 8,LS26 8
2-888734657,2017-08-14,2017-08,LASBT Private,Noise Nuisance,LS26 0,LS26 0
2-889153412,2017-08-17,2017-08,LASBT Private,Noise Nuisance,LS10 2,LS10 2
2-889135182,2017-08-17,2017-08,LASBT Private,Noise Nuisance,WF3 1,WF3 1
2-888769271,2017-08-14,2017-08,LASBT Private,Noise Nuisance,LS11 6,LS11 6
2-889150012,2017-08-17,2017-08,LASBT Private,Noise Nuisance,LS10 2,LS10 2
2-888781142,2017-08-14,2017-08,Tenancy Breach,Noise Nuisance,LS10 4,LS10 4
2-888778754,2017-08-15,2017-08,Tenancy Breach,Noise Nuisance,WF3 3,WF3 3
2-889088485,2017-08-16,2017-08,LASBT Private,Noise Nuisance,LS11 8,LS11 8
2-889035166,2017-08-16,2017-08,LASBT ALMO,Noise Nuisance,LS11 0,LS11 0
2-888851721,2017-08-15,2017-08,LASBT ALMO,Noise Nuisance,LS10 3,LS10 3
2-889035045,2017-08-16,2017-08,LASBT Private,Noise Nuisance,LS26 8,LS26 8
2-889011905,2017-08-16,2017-08,LASBT Private,Noise Nuisance,LS11 6,LS11 6
2-888985987,2017-08-16,2017-08,LASBT Private,Noise Nuisance,LS10 4,LS10 4
2-888973181,2017-08-16,2017-08,LASBT Private,Noise Nuisance,LS27 7,LS27 7
2-887094917,2017-08-01,2017-08,LASBT Private,Noise Nuisance,NU,
2-887132154,2017-08-01,2017-08,LASBT Private,Noise Nuisance,LS6 3,LS6 3
2-887132806,2017-08-01,2017-08,LASBT Private,Noise Nuisance,LS4 2,LS4 2
2-887139433,2017-08-01,2017-08,LASBT Private,Noise Nuisance,LS28 7,LS28 7
2-887139570,2017-08-01,2017-08,LASBT ALMO,Noise Nuisance,LS6 2,LS6 2
2-887139729,2017-08-01,2017-08,LASBT Private,Noise Nuisance,LS13 4,LS13 4
2-890656642,2017-08-31,2017-08,LASBT Private,Noise Nuisance,LS2 9,LS2 9
2-890601188,2017-08-31,2017-08,LASBT Private,Noise Nuisance,LS3 1,LS3 1
2-887229238,2017-08-01,2017-08,LASBT Private,Noise Nuisance,LS20 8,LS20 8
2-890459671,2017-08-30,2017-08,LASBT Private,Noise Nuisance,LS13 2,LS13 2
2-890460485,2017-08-30,2017-08,LASBT Private,Noise Nuisance,LS6 3,LS6 3
2-887289724,2017-08-02,2017-08,LASBT Private,Noise Nuisance,LS28 6,LS28 6
2-890460257,2017-08-30,2017-08,LASBT Private,Noise Nuisance,LS13 2,LS13 2
2-890460090,2017-08-30,2017-08,LASBT Private,Noise Nuisance,LS19 6,LS19 6
2-887302885,2017-08-02,2017-08,LASBT Private,Noise Nuisance,LS6 3,LS6 3
2-890448873,2017-08-30,2017-08,LASBT Private,Noise Nuisance,LS6 3,LS6 3
2-890453211,2017-08-30,2017-08,LASBT Private,Noise Nuisance,LS12 4,LS12 4
2-890453094,2017-08-30,2017-08,LASBT Private,Noise Nuisance,LS6 1,LS6 1
2-890416779,2017-08-30,2017-08,LASBT Private,Noise Nuisance,LS6 1,LS6 1
2-890405560,2017-08-30,2017-08,LASBT Private,Noise Nuisance,LS6 3,LS6 3
2-890405531,2017-08-30,2017-08,LASBT Private,Noise Nuisance,LS6 1,LS6 1
2-890398626,2017-08-29,2017-08,LASBT Private,Noise Nuisance,LS6 1,LS6 1
2-890320111,2017-08-29,2017-08,Tenancy Breach,Noise Nuisance,LS6 3,LS6 3
2-887511584,2017-08-03,2017-08,Tenancy Breach,Noise Nuisance,LS29 6,LS29 6
2-890260977,2017-08-29,2017-08,LASBT Private,Noise Nuisance,LS4 2,LS4 2
2-887544657,2017-08-03,2017-08,LASBT Private,Noise Nuisance,LS6 3,LS6 3
2-890260075,2017-08-29,2017-08,LASBT Private,Noise Nuisance,LS12 2,LS12 2
2-890209156,2017-08-26,2017-08,LASBT Private,Noise Nuisance,LS13 4,LS13 4
2-890209097,2017-08-26,2017-08,LASBT Private,Noise Nuisance,LS6 3,LS6 3
2-887572769,2017-08-04,2017-08,LASBT Private,Noise Nuisance,LS12 2,LS12 2
2-890162303,2017-08-25,2017-08,LASBT Private,Noise Nuisance,LS6 1,LS6 1
2-890144544,2017-08-25,2017-08,LASBT Private,Noise Nuisance,LS19 7,LS19 7
2-890144356,2017-08-25,2017-08,LASBT ALMO,Noise Nuisance,LS13 2,LS13 2
2-890132759,2017-08-25,2017-08,LASBT Private,Noise Nuisance,LS6 1,LS6 1
2-887696282,2017-08-04,2017-08,LASBT Private,Noise Nuisance,LS13 1,LS13 1
2-890132063,2017-08-25,2017-08,LASBT Private,Noise Nuisance,LS13 1,LS13 1
2-890112122,2017-08-25,2017-08,LASBT Private,Noise Nuisance,LS6 3,LS6 3
2-890105529,2017-08-25,2017-08,LASBT ALMO,Noise Nuisance,LS2 9,LS2 9
2-890105437,2017-08-25,2017-08,LASBT Private,Noise Nuisance,LS3 1,LS3 1
2-890090280,2017-08-25,2017-08,LASBT Private,Noise Nuisance,LS29 6,LS29 6
2-890074697,2017-08-25,2017-08,LASBT Private,Noise Nuisance,LS12 6,LS12 6
2-890039771,2017-08-25,2017-08,LASBT ALMO,Noise Nuisance,LS18 4,LS18 4
2-890057729,2017-08-25,2017-08,LASBT Private,Noise Nuisance,LS6 1,LS6 1
2-887821560,2017-08-07,2017-08,LASBT Private,Noise Nuisance,LS6 4,LS6 4
2-887821742,2017-08-07,2017-08,LASBT Private,Noise Nuisance,LS28 6,LS28 6
2-887855454,2017-08-07,2017-08,LASBT Private,Noise Nuisance,LS6 1,LS6 1
2-889975406,2017-08-24,2017-08,LASBT Private,Noise Nuisance,LS16 9,LS16 9
2-889970347,2017-08-24,2017-08,LASBT Private,Noise Nuisance,LS20 8,LS20 8
2-889837759,2017-08-23,2017-08,LASBT ALMO,Noise Nuisance,LS13 2,LS13 2
2-887949137,2017-08-07,2017-08,Tenancy Breach,Noise Nuisance,LS18 4,LS18 4
2-887985384,2017-08-08,2017-08,LASBT Private,Noise Nuisance,LS6 3,LS6 3
2-887988338,2017-08-08,2017-08,LASBT Private,Noise Nuisance,LS4 2,LS4 2
2-887995238,2017-08-08,2017-08,LASBT Private,Noise Nuisance,LS6 1,LS6 1
2-888013772,2017-08-08,2017-08,LASBT Private,Noise Nuisance,LS13 2,LS13 2
2-888108535,2017-08-08,2017-08,LASBT Private,Noise Nuisance,LS16 7,LS16 7
2-889657388,2017-08-22,2017-08,Tenancy Breach,Noise Nuisance,LS16 7,LS16 7
2-889657264,2017-08-22,2017-08,LASBT Private,Noise Nuisance,LS12 5,LS12 5
2-888156741,2017-08-09,2017-08,LASBT Private,Noise Nuisance,LS12 2,LS12 2
2-889636735,2017-08-22,2017-08,LASBT Private,Noise Nuisance,LS12 4,LS12 4
2-888179486,2017-08-09,2017-08,LASBT Private,Noise Nuisance,LS4 2,LS4 2
2-888165558,2017-08-09,2017-08,LASBT Private,Noise Nuisance,LS6 3,LS6 3
2-889636355,2017-08-22,2017-08,LASBT Private,Noise Nuisance,LS6 3,LS6 3
2-889636118,2017-08-22,2017-08,LASBT Private,Noise Nuisance,LS16 5,LS16 5
2-889636060,2017-08-22,2017-08,LASBT Private,Noise Nuisance,LS4 2,LS4 2
2-888238255,2017-08-09,2017-08,LASBT Private,Noise Nuisance,LS16 6,LS16 6
2-889618992,2017-08-22,2017-08,LASBT Private,Noise Nuisance,LS3 1,LS3 1
2-889618944,2017-08-22,2017-08,LASBT Private,Noise Nuisance,LS3 1,LS3 1
2-888262390,2017-08-09,2017-08,LASBT Private,Noise Nuisance,LS6 3,LS6 3
2-888262808,2017-08-09,2017-08,LASBT Private,Noise Nuisance,NU,
2-889605988,2017-08-22,2017-08,LASBT Private,Noise Nuisance,LS21 1,LS21 1
2-889605931,2017-08-22,2017-08,LASBT Private,Noise Nuisance,LS12 3,LS12 3
2-889605904,2017-08-22,2017-08,LASBT Private,Noise Nuisance,LS6 3,LS6 3
2-889605757,2017-08-22,2017-08,LASBT Private,Noise Nuisance,LS5 3,LS5 3
2-889605720,2017-08-22,2017-08,LASBT Private,Noise Nuisance,LS6 2,LS6 2
2-889605515,2017-08-22,2017-08,LASBT Private,Noise Nuisance,LS6 1,LS6 1
2-889605488,2017-08-22,2017-08,LASBT Private,Noise Nuisance,LS6 3,LS6 3
2-889605379,2017-08-22,2017-08,LASBT ALMO,Noise Nuisance,LS13 4,LS13 4
2-889605328,2017-08-22,2017-08,Tenancy Breach,Noise Nuisance,LS7 1,LS7 1
2-889530950,2017-08-21,2017-08,LASBT Private,Noise Nuisance,LS4 2,LS4 2
2-889536402,2017-08-21,2017-08,LASBT Private,Noise Nuisance,LS6 1,LS6 1
2-888359919,2017-08-10,2017-08,Tenancy Breach,Noise Nuisance,LS6 2,LS6 2
2-889401137,2017-08-18,2017-08,LASBT ALMO,Noise Nuisance,LS12 2,LS12 2
2-889315058,2017-08-18,2017-08,LASBT Private,Noise Nuisance,LS6 1,LS6 1
2-889206220,2017-08-17,2017-08,LASBT Private,Noise Nuisance,LS16 5,LS16 5
2-888721889,2017-08-14,2017-08,LASBT Private,Noise Nuisance,LS19 7,LS19 7
2-888761533,2017-08-14,2017-08,Tenancy Breach,Noise Nuisance,LS13 1,LS13 1
2-889110793,2017-08-17,2017-08,LASBT Private,Noise Nuisance,LS12 2,LS12 2
2-888836758,2017-08-15,2017-08,LASBT Private,Noise Nuisance,LS28 5,LS28 5
2-888903839,2017-08-15,2017-08,LASBT Private,Noise Nuisance,LS12 5,LS12 5
2-887093169,2017-08-01,2017-08,Tenancy Breach,Noise Nuisance,LS18 5,LS18 5
2-890683598,2017-08-31,2017-08,Tenancy Breach,Noise Nuisance,LS14 1,LS14 1
2-890689297,2017-08-31,2017-08,LASBT ALMO,Noise Nuisance,LS15 0,LS15 0
2-887132532,2017-08-01,2017-08,LASBT ALMO,Noise Nuisance,LS12 5,LS12 5
2-887132892,2017-08-01,2017-08,LASBT ALMO,Noise Nuisance,LS20 9,LS20 9
2-887134197,2017-08-01,2017-08,Tenancy Breach,Noise Nuisance,LS14 6,LS14 6
2-890679969,2017-08-31,2017-08,LASBT Private,Noise Nuisance,LS9 6,LS9 6
2-887139272,2017-08-01,2017-08,LASBT ALMO,Noise Nuisance,LS6 2,LS6 2
2-887151932,2017-08-01,2017-08,LASBT ALMO,Noise Nuisance,LS7 4,LS7 4
2-890643456,2017-08-31,2017-08,LASBT ALMO,Noise Nuisance,LS8 2,LS8 2
2-890632742,2017-08-31,2017-08,Tenancy Breach,Noise Nuisance,LS13 2,LS13 2
2-890607383,2017-08-31,2017-08,Tenancy Breach,Noise Nuisance,LS12 3,LS12 3
2-890596660,2017-08-31,2017-08,LASBT ALMO,Noise Nuisance,LS16 5,LS16 5
2-890500903,2017-08-30,2017-08,LASBT ALMO,Noise Nuisance,LS14 1,LS14 1
2-890500091,2017-08-30,2017-08,LASBT ALMO,Noise Nuisance,LS7 2,LS7 2
2-887222713,2017-08-01,2017-08,Tenancy Breach,Noise Nuisance,LS27 9,LS27 9
2-887274981,2017-08-02,2017-08,Tenancy Breach,Noise Nuisance,LS27 7,LS27 7
2-887302045,2017-08-02,2017-08,Tenancy Breach,Noise Nuisance,LS9 7,LS9 7
2-887294624,2017-08-02,2017-08,Tenancy Breach,Noise Nuisance,LS22 6,LS22 6
2-890462146,2017-08-30,2017-08,Tenancy Breach,Noise Nuisance,LS23 6,LS23 6
2-890415836,2017-08-30,2017-08,LASBT ALMO,Noise Nuisance,LS14 6,LS14 6
2-887318954,2017-08-02,2017-08,Tenancy Breach,Noise Nuisance,LS15 0,LS15 0
2-887330547,2017-08-02,2017-08,Tenancy Breach,Noise Nuisance,LS19 7,LS19 7
2-887326735,2017-08-02,2017-08,Tenancy Breach,Noise Nuisance,LS28 8,LS28 8
2-887364073,2017-08-02,2017-08,Tenancy Breach,Noise Nuisance,LS11 9,LS11 9
2-887387615,2017-08-02,2017-08,Tenancy Breach,Noise Nuisance,N,
2-887400105,2017-08-02,2017-08,Tenancy Breach,Noise Nuisance,LS8 3,LS8 3
2-887389875,2017-08-02,2017-08,LASBT ALMO,Noise Nuisance,LS7 2,LS7 2
2-887403540,2017-08-02,2017-08,Tenancy Breach,Noise Nuisance,LS12 1,LS12 1
2-887423311,2017-08-02,2017-08,Tenancy Breach,Noise Nuisance,LS8 3,LS8 3
2-890448036,2017-08-30,2017-08,Tenancy Breach,Noise Nuisance,LS19 7,LS19 7
2-890410848,2017-08-30,2017-08,Tenancy Breach,Noise Nuisance,LS7 4,LS7 4
2-890415168,2017-08-30,2017-08,LASBT ALMO,Noise Nuisance,LS9 6,LS9 6
2-887427918,2017-08-03,2017-08,Tenancy Breach,Noise Nuisance,LS9 0,LS9 0
2-887416429,2017-08-03,2017-08,Tenancy Breach,Noise Nuisance,LS9 0,LS9 0
2-890403955,2017-08-30,2017-08,Tenancy Breach,Noise Nuisance,LS9 7,LS9 7
2-890426765,2017-08-30,2017-08,Tenancy Breach,Noise Nuisance,LS13 1,LS13 1
2-890359089,2017-08-29,2017-08,LASBT Private,Noise Nuisance,LS13 3,LS13 3
2-887490004,2017-08-03,2017-08,LASBT ALMO,Noise Nuisance,LS11 8,LS11 8
2-890286890,2017-08-29,2017-08,Tenancy Breach,Noise Nuisance,LS9 6,LS9 6
2-887453852,2017-08-03,2017-08,LASBT ALMO,Noise Nuisance,LS9 7,LS9 7
2-887483488,2017-08-03,2017-08,Tenancy Breach,Noise Nuisance,LS12 4,LS12 4
2-887489099,2017-08-03,2017-08,Tenancy Breach,Noise Nuisance,LS9 7,LS9 7
2-890327204,2017-08-29,2017-08,LASBT ALMO,Noise Nuisance,LS21 2,LS21 2
2-887497343,2017-08-03,2017-08,LASBT ALMO,Noise Nuisance,LS8 1,LS8 1
2-887490775,2017-08-03,2017-08,LASBT ALMO,Noise Nuisance,LS19 7,LS19 7
2-887473119,2017-08-03,2017-08,Tenancy Breach,Noise Nuisance,LS9 0,LS9 0
2-890284448,2017-08-29,2017-08,Tenancy Breach,Noise Nuisance,LS10 4,LS10 4
2-890211290,2017-08-29,2017-08,Tenancy Breach,Noise Nuisance,LS10 2,LS10 2
2-890236409,2017-08-29,2017-08,LASBT ALMO,Noise Nuisance,LS20 9,LS20 9
2-890287014,2017-08-29,2017-08,Tenancy Breach,Noise Nuisance,LS10 2,LS10 2
2-890255144,2017-08-29,2017-08,Tenancy Breach,Noise Nuisance,LS27 8,LS27 8
2-890251414,2017-08-29,2017-08,Tenancy Breach,Noise Nuisance,LS10 3,LS10 3
2-890240348,2017-08-29,2017-08,Tenancy Breach,Noise Nuisance,LS9 0,LS9 0
2-890233233,2017-08-29,2017-08,LASBT ALMO,Noise Nuisance,LS11 6,LS11 6
2-890161888,2017-08-25,2017-08,Tenancy Breach,Noise Nuisance,LS9 0,LS9 0
2-887598674,2017-08-04,2017-08,LASBT Private,Noise Nuisance,LS15 7,LS15 7
2-890176034,2017-08-25,2017-08,Tenancy Breach,Noise Nuisance,LS14 1,LS14 1
2-890137787,2017-08-25,2017-08,LASBT ALMO,Noise Nuisance,LS8 3,LS8 3
2-890090524,2017-08-25,2017-08,LASBT ALMO,Noise Nuisance,LS14 1,LS14 1
2-887724893,2017-08-04,2017-08,Tenancy Breach,Noise Nuisance,LS16 9,LS16 9
2-890085509,2017-08-25,2017-08,LASBT Private,Noise Nuisance,LS13 3,LS13 3
2-887750832,2017-08-04,2017-08,Tenancy Breach,Noise Nuisance,LS18 4,LS18 4
2-890079206,2017-08-25,2017-08,LASBT ALMO,Noise Nuisance,LS10 4,LS10 4
2-890067288,2017-08-25,2017-08,Tenancy Breach,Noise Nuisance,LS18 4,LS18 4
2-890046812,2017-08-25,2017-08,LASBT Private,Noise Nuisance,LS6 3,LS6 3
2-890030508,2017-08-24,2017-08,Tenancy Breach,Noise Nuisance,LS8 3,LS8 3
2-889896479,2017-08-24,2017-08,Tenancy Breach,Noise Nuisance,LS9 6,LS9 6
2-887825649,2017-08-07,2017-08,Tenancy Breach,Noise Nuisance,WF3 1,WF3 1
2-890003396,2017-08-24,2017-08,LASBT Private,Noise Nuisance,LS17 9,LS17 9
2-890011121,2017-08-24,2017-08,Tenancy Breach,Noise Nuisance,LS9 7,LS9 7
2-887850483,2017-08-07,2017-08,Tenancy Breach,Noise Nuisance,LS14 6,LS14 6
2-887857740,2017-08-07,2017-08,Tenancy Breach,Noise Nuisance,LS5 3,LS5 3
2-889970691,2017-08-24,2017-08,LASBT Private,Noise Nuisance,LS13 3,LS13 3
2-889964391,2017-08-24,2017-08,LASBT Private,Noise Nuisance,LS7 4,LS7 4
2-889964374,2017-08-24,2017-08,Tenancy Breach,Noise Nuisance,LS7 4,LS7 4
2-889937707,2017-08-24,2017-08,Tenancy Breach,Noise Nuisance,LS12 3,LS12 3
2-889854653,2017-08-23,2017-08,Tenancy Breach,Noise Nuisance,LS27 7,LS27 7
2-887922691,2017-08-07,2017-08,LASBT ALMO,Noise Nuisance,LS8 1,LS8 1
2-889826872,2017-08-23,2017-08,Tenancy Breach,Noise Nuisance,WF10 2,WF10 2
2-887942384,2017-08-07,2017-08,Tenancy Breach,Noise Nuisance,LS13 4,LS13 4
2-889838521,2017-08-23,2017-08,Tenancy Breach,Noise Nuisance,LS13 2,LS13 2
2-887957715,2017-08-08,2017-08,Tenancy Breach,Noise Nuisance,LS12 3,LS12 3
2-887973677,2017-08-08,2017-08,Tenancy Breach,Noise Nuisance,LS23 6,LS23 6
2-889810499,2017-08-23,2017-08,Tenancy Breach,Noise Nuisance,LS10 3,LS10 3
2-889771755,2017-08-23,2017-08,LASBT ALMO,Noise Nuisance,LS14 6,LS14 6
2-887952549,2017-08-08,2017-08,LASBT ALMO,Noise Nuisance,LS11 9,LS11 9
2-889764138,2017-08-22,2017-08,LASBT ALMO,Noise Nuisance,LS9 0,LS9 0
2-889742568,2017-08-22,2017-08,Tenancy Breach,Noise Nuisance,LS27 9,LS27 9
2-887962768,2017-08-08,2017-08,Tenancy Breach,Noise Nuisance,LS7 4,LS7 4
2-889732144,2017-08-22,2017-08,Tenancy Breach,Noise Nuisance,LS11 5,LS11 5
2-889690080,2017-08-22,2017-08,LASBT ALMO,Noise Nuisance,LS16 5,LS16 5
2-888086023,2017-08-08,2017-08,LASBT Private,Noise Nuisance,LS18 5,LS18 5
2-889670255,2017-08-22,2017-08,Tenancy Breach,Noise Nuisance,LS7 1,LS7 1
2-888093743,2017-08-08,2017-08,LASBT ALMO,Noise Nuisance,LS11 6,LS11 6
2-888093803,2017-08-08,2017-08,LASBT ALMO,Noise Nuisance,LS14 5,LS14 5
2-889639585,2017-08-22,2017-08,LASBT Private,Noise Nuisance,LS9 0,LS9 0
2-889650125,2017-08-22,2017-08,Tenancy Breach,Noise Nuisance,WF10 2,WF10 2
2-889613050,2017-08-22,2017-08,LASBT ALMO,Noise Nuisance,BD11 1,BD11 1
2-889636194,2017-08-22,2017-08,Tenancy Breach,Noise Nuisance,LS12 5,LS12 5
2-888190654,2017-08-09,2017-08,LASBT Private,Noise Nuisance,N,
2-888209880,2017-08-09,2017-08,LASBT ALMO,Noise Nuisance,LS12 5,LS12 5
2-889618859,2017-08-22,2017-08,Tenancy Breach,Noise Nuisance,LS12 2,LS12 2
2-889618769,2017-08-22,2017-08,Tenancy Breach,Noise Nuisance,LS21 2,LS21 2
2-888255679,2017-08-09,2017-08,Tenancy Breach,Noise Nuisance,LS8 1,LS8 1
2-888267845,2017-08-09,2017-08,Tenancy Breach,Noise Nuisance,LS12 2,LS12 2
2-888293314,2017-08-09,2017-08,Tenancy Breach,Noise Nuisance,LS9 0,LS9 0
2-889605632,2017-08-22,2017-08,Tenancy Breach,Noise Nuisance,LS13 3,LS13 3
2-888324002,2017-08-10,2017-08,Tenancy Breach,Noise Nuisance,LS13 1,LS13 1
2-888324849,2017-08-10,2017-08,Tenancy Breach,Noise Nuisance,LS14 6,LS14 6
2-888362775,2017-08-10,2017-08,Tenancy Breach,Noise Nuisance,LS13 2,LS13 2
2-889533795,2017-08-21,2017-08,LASBT Private,Noise Nuisance,LS14 1,LS14 1
2-888477057,2017-08-11,2017-08,LASBT ALMO,Noise Nuisance,LS14 6,LS14 6
2-888479266,2017-08-11,2017-08,Tenancy Breach,Noise Nuisance,LS13 2,LS13 2
2-888466531,2017-08-11,2017-08,LASBT Private,Noise Nuisance,LS14 6,LS14 6
2-889519906,2017-08-21,2017-08,LASBT Private,Noise Nuisance,LS13 3,LS13 3
2-889515641,2017-08-21,2017-08,Tenancy Breach,Noise Nuisance,LS14 1,LS14 1
2-888506515,2017-08-11,2017-08,Tenancy Breach,Noise Nuisance,LS1 4,LS1 4
2-889476880,2017-08-21,2017-08,LASBT ALMO,Noise Nuisance,LS13 2,LS13 2
2-889441996,2017-08-21,2017-08,LASBT ALMO,Noise Nuisance,WF3 3,WF3 3
2-889447109,2017-08-21,2017-08,Tenancy Breach,Noise Nuisance,LS14 1,LS14 1
2-888538831,2017-08-11,2017-08,Tenancy Breach,Noise Nuisance,LS7 1,LS7 1
2-888557535,2017-08-11,2017-08,LASBT Private,Noise Nuisance,LS16 6,LS16 6
2-889361917,2017-08-18,2017-08,Tenancy Breach,Noise Nuisance,LS13 3,LS13 3
2-889362487,2017-08-18,2017-08,Tenancy Breach,Noise Nuisance,LS13 2,LS13 2
2-889269559,2017-08-18,2017-08,LASBT Private,Noise Nuisance,LS28 6,LS28 6
2-888631069,2017-08-14,2017-08,Tenancy Breach,Noise Nuisance,LS13 2,LS13 2
2-888644045,2017-08-14,2017-08,Tenancy Breach,Noise Nuisance,LS13 2,LS13 2
2-888633560,2017-08-14,2017-08,Tenancy Breach,Noise Nuisance,LS6 2,LS6 2
2-888628680,2017-08-14,2017-08,LASBT ALMO,Noise Nuisance,LS14 1,LS14 1
2-889339014,2017-08-18,2017-08,Tenancy Breach,Noise Nuisance,LS21 1,LS21 1
2-889326589,2017-08-18,2017-08,LASBT ALMO,Noise Nuisance,LS7 2,LS7 2
2-889303777,2017-08-18,2017-08,Tenancy Breach,Noise Nuisance,LS12 2,LS12 2
2-888645786,2017-08-14,2017-08,LASBT ALMO,Noise Nuisance,LS6 4,LS6 4
2-888666611,2017-08-14,2017-08,LASBT ALMO,Noise Nuisance,LS11 6,LS11 6
2-889274223,2017-08-18,2017-08,LASBT ALMO,Noise Nuisance,LS25 2,LS25 2
2-888677213,2017-08-14,2017-08,LASBT Private,Noise Nuisance,LS12 3,LS12 3
2-889254516,2017-08-18,2017-08,LASBT ALMO,Noise Nuisance,LS13 1,LS13 1
2-889241262,2017-08-17,2017-08,LASBT ALMO,Noise Nuisance,LS9 7,LS9 7
2-888690800,2017-08-14,2017-08,LASBT ALMO,Noise Nuisance,LS7 4,LS7 4
2-888696718,2017-08-14,2017-08,Tenancy Breach,Noise Nuisance,LS5 3,LS5 3
2-889184552,2017-08-17,2017-08,LASBT ALMO,Noise Nuisance,LS10 4,LS10 4
2-888714839,2017-08-14,2017-08,LASBT ALMO,Noise Nuisance,LS10 2,LS10 2
2-889134769,2017-08-17,2017-08,Tenancy Breach,Noise Nuisance,LS27 7,LS27 7
2-889148199,2017-08-17,2017-08,Tenancy Breach,Noise Nuisance,LS14 6,LS14 6
2-888742883,2017-08-14,2017-08,LASBT ALMO,Noise Nuisance,LS13 2,LS13 2
2-889118176,2017-08-17,2017-08,LASBT ALMO,Noise Nuisance,LS22 6,LS22 6
2-889051235,2017-08-16,2017-08,LASBT Private,Noise Nuisance,LS11 8,LS11 8
2-889043601,2017-08-16,2017-08,Tenancy Breach,Noise Nuisance,LS7 1,LS7 1
2-889028989,2017-08-16,2017-08,LASBT ALMO,Noise Nuisance,LS12 3,LS12 3
2-888858256,2017-08-15,2017-08,Tenancy Breach,Noise Nuisance,LS9 6,LS9 6
2-889035099,2017-08-16,2017-08,LASBT Private,Noise Nuisance,LS26 0,LS26 0
2-888998843,2017-08-16,2017-08,Tenancy Breach,Noise Nuisance,LS17 5,LS17 5
2-888976941,2017-08-16,2017-08,Tenancy Breach,Noise Nuisance,LS3 1,LS3 1
2-888933630,2017-08-16,2017-08,Tenancy Breach,Noise Nuisance,LS13 2,LS13 2
2-888918042,2017-08-15,2017-08,LASBT ALMO,Noise Nuisance,LS11 6,LS11 6
2-888894570,2017-08-15,2017-08,Tenancy Breach,Noise Nuisance,LS16 7,LS16 7
2-893436905,2017-09-29,2017-09,LASBT Private,Noise Nuisance,LS9 6,LS9 6
2-890929547,2017-09-04,2017-09,LASBT Private,Noise Nuisance,LS8 5,LS8 5
2-893447044,2017-09-29,2017-09,LASBT Private,Noise Nuisance,LS7 4,LS7 4
2-890972887,2017-09-04,2017-09,LASBT Private,Noise Nuisance,LS15 4,LS15 4
2-893303631,2017-09-28,2017-09,LASBT Private,Noise Nuisance,LS14 6,LS14 6
2-893303088,2017-09-28,2017-09,LASBT Private,Noise Nuisance,LS7 3,LS7 3
2-891038620,2017-09-04,2017-09,LASBT ALMO,Noise Nuisance,LS14 6,LS14 6
2-893239492,2017-09-27,2017-09,LASBT Private,Noise Nuisance,LS9 9,LS9 9
2-893239441,2017-09-27,2017-09,LASBT ALMO,Noise Nuisance,LS14 1,LS14 1
2-893245036,2017-09-27,2017-09,LASBT ALMO,Noise Nuisance,LS14 1,LS14 1
2-893146760,2017-09-27,2017-09,LASBT Private,Noise Nuisance,LS7 4,LS7 4
2-893128555,2017-09-26,2017-09,LASBT Private,Noise Nuisance,LS7 3,LS7 3
2-891182976,2017-09-05,2017-09,LASBT ALMO,Noise Nuisance,LS9 0,LS9 0
2-893130549,2017-09-26,2017-09,LASBT Private,Noise Nuisance,LS8 2,LS8 2
2-893119559,2017-09-26,2017-09,Tenancy Breach,Noise Nuisance,LS8 5,LS8 5
2-891220010,2017-09-05,2017-09,LASBT Private,Noise Nuisance,LS9 9,LS9 9
2-893130414,2017-09-26,2017-09,LASBT Private,Noise Nuisance,LS23 6,LS23 6
2-893130126,2017-09-26,2017-09,LASBT Private,Noise Nuisance,LS9 7,LS9 7
2-891250277,2017-09-06,2017-09,LASBT Private,Noise Nuisance,LS8 3,LS8 3
2-893093645,2017-09-26,2017-09,LASBT Private,Noise Nuisance,LS9 6,LS9 6
2-893105813,2017-09-26,2017-09,LASBT ALMO,Noise Nuisance,LS7 2,LS7 2
2-893093415,2017-09-26,2017-09,LASBT Private,Noise Nuisance,LS9 6,LS9 6
2-893056425,2017-09-26,2017-09,LASBT Private,Noise Nuisance,LS8 5,LS8 5
2-893020754,2017-09-25,2017-09,LASBT Private,Noise Nuisance,LS9 9,LS9 9
2-893031308,2017-09-25,2017-09,LASBT Private,Noise Nuisance,LS8 5,LS8 5
2-891452190,2017-09-07,2017-09,LASBT Private,Noise Nuisance,LS9 9,LS9 9
2-891519966,2017-09-08,2017-09,LASBT Private,Noise Nuisance,LS17 7,LS17 7
2-891559211,2017-09-08,2017-09,LASBT Private,Noise Nuisance,LS14 2,LS14 2
2-891600051,2017-09-08,2017-09,LASBT Private,Noise Nuisance,LS14 6,LS14 6
2-892871103,2017-09-22,2017-09,LASBT Private,Noise Nuisance,LS22 6,LS22 6
2-891801461,2017-09-11,2017-09,LASBT Private,Noise Nuisance,LS7 3,LS7 3
2-892774538,2017-09-21,2017-09,LASBT Private,Noise Nuisance,LS22 7,LS22 7
2-891797402,2017-09-11,2017-09,LASBT Private,Noise Nuisance,LS8 5,LS8 5
2-892725420,2017-09-21,2017-09,LASBT Private,Noise Nuisance,LS7 2,LS7 2
2-891834278,2017-09-11,2017-09,LASBT Private,Noise Nuisance,LS8 3,LS8 3
2-891899059,2017-09-12,2017-09,LASBT Private,Noise Nuisance,LS9 6,LS9 6
2-891892793,2017-09-12,2017-09,LASBT Private,Noise Nuisance,LS9 8,LS9 8
2-892613248,2017-09-20,2017-09,LASBT Private,Noise Nuisance,LS6 4,LS6 4
2-891927651,2017-09-12,2017-09,LASBT Private,Noise Nuisance,LS9 6,LS9 6
2-892575432,2017-09-19,2017-09,LASBT Private,Noise Nuisance,LS17 7,LS17 7
2-892558879,2017-09-19,2017-09,LASBT Private,Noise Nuisance,LS8 1,LS8 1
2-891960457,2017-09-12,2017-09,LASBT Private,Noise Nuisance,LS9 7,LS9 7
2-892547210,2017-09-19,2017-09,LASBT Private,Noise Nuisance,LS14 6,LS14 6
2-892515320,2017-09-19,2017-09,LASBT Private,Noise Nuisance,LS8 5,LS8 5
2-892080849,2017-09-13,2017-09,LASBT ALMO,Noise Nuisance,LS7 2,LS7 2
2-892109181,2017-09-13,2017-09,LASBT Private,Noise Nuisance,LS9 7,LS9 7
2-892063911,2017-09-14,2017-09,LASBT Private,Noise Nuisance,LS17 6,LS17 6
2-892151670,2017-09-14,2017-09,LASBT Private,Noise Nuisance,N,
2-892401918,2017-09-18,2017-09,LASBT Private,Noise Nuisance,LS8 5,LS8 5
2-892272052,2017-09-15,2017-09,LASBT Private,Noise Nuisance,LS8 3,LS8 3
2-892401924,2017-09-18,2017-09,LASBT Private,Noise Nuisance,LS9 9,LS9 9
2-892401786,2017-09-18,2017-09,LASBT Private,Noise Nuisance,LS14 1,LS14 1
2-892286449,2017-09-15,2017-09,LASBT Private,Noise Nuisance,LS7 3,LS7 3
2-892401390,2017-09-18,2017-09,LASBT Private,Noise Nuisance,LS9 9,LS9 9
2-892385677,2017-09-18,2017-09,LASBT Private,Noise Nuisance,LS8 3,LS8 3
2-890751322,2017-09-01,2017-09,LASBT Private,Noise Nuisance,LS15 0,LS15 0
2-890751437,2017-09-01,2017-09,LASBT Private,Noise Nuisance,LS10 1,LS10 1
2-890751670,2017-09-01,2017-09,LASBT Private,Noise Nuisance,LS11 0,LS11 0
2-890775830,2017-09-01,2017-09,LASBT Private,Noise Nuisance,LS10 1,LS10 1
2-890790292,2017-09-01,2017-09,LASBT Private,Noise Nuisance,LS9 0,LS9 0
2-890790501,2017-09-01,2017-09,LASBT ALMO,Noise Nuisance,LS12 3,LS12 3
2-890790920,2017-09-01,2017-09,LASBT Private,Noise Nuisance,LS11 9,LS11 9
2-890850430,2017-09-04,2017-09,LASBT Private,Noise Nuisance,LS25 7,LS25 7
2-893440412,2017-09-29,2017-09,LASBT ALMO,Noise Nuisance,LS27 9,LS27 9
2-890905414,2017-09-04,2017-09,LASBT Private,Noise Nuisance,LS25 7,LS25 7
2-890915747,2017-09-04,2017-09,LASBT Private,Noise Nuisance,LS11 8,LS11 8
2-890853977,2017-09-04,2017-09,LASBT Private,Noise Nuisance,LS26 8,LS26 8
2-890929241,2017-09-04,2017-09,LASBT Private,Noise Nuisance,LS9 8,LS9 8
2-890980618,2017-09-04,2017-09,LASBT Private,Noise Nuisance,LS27 8,LS27 8
2-893334836,2017-09-28,2017-09,LASBT Private,Noise Nuisance,LS27 7,LS27 7
2-890998283,2017-09-04,2017-09,LASBT Private,Noise Nuisance,WF3 1,WF3 1
2-893330016,2017-09-28,2017-09,LASBT Private,Noise Nuisance,LS25 7,LS25 7
2-893219526,2017-09-27,2017-09,LASBT Private,Noise Nuisance,LS10 4,LS10 4
2-891086208,2017-09-05,2017-09,LASBT Private,Noise Nuisance,LS25 7,LS25 7
2-891138656,2017-09-05,2017-09,LASBT Private,Noise Nuisance,LS27 7,LS27 7
2-891138800,2017-09-05,2017-09,LASBT Private,Noise Nuisance,LS15 7,LS15 7
2-891149354,2017-09-05,2017-09,LASBT Private,Noise Nuisance,LS25 7,LS25 7
2-893141516,2017-09-26,2017-09,LASBT Private,Noise Nuisance,LS11 0,LS11 0
2-891199153,2017-09-05,2017-09,LASBT Private,Noise Nuisance,LS25 7,LS25 7
2-891199395,2017-09-05,2017-09,LASBT Private,Noise Nuisance,LS25 7,LS25 7
2-891339212,2017-09-06,2017-09,LASBT Private,Noise Nuisance,WF3 1,WF3 1
2-893047404,2017-09-26,2017-09,LASBT Private,Noise Nuisance,LS11 9,LS11 9
2-891374329,2017-09-07,2017-09,LASBT Private,Noise Nuisance,WF10 2,WF10 2
2-891374856,2017-09-07,2017-09,LASBT Private,Noise Nuisance,LS11 6,LS11 6
2-893022162,2017-09-25,2017-09,LASBT Private,Noise Nuisance,LS27 7,LS27 7
2-892997996,2017-09-25,2017-09,LASBT Private,Noise Nuisance,LS25 7,LS25 7
2-891433108,2017-09-07,2017-09,LASBT ALMO,Noise Nuisance,LS10 2,LS10 2
2-891428118,2017-09-07,2017-09,LASBT Private,Noise Nuisance,LS26 0,LS26 0
2-891400708,2017-09-07,2017-09,LASBT Private,Noise Nuisance,WF3 1,WF3 1
2-892913853,2017-09-25,2017-09,LASBT Private,Noise Nuisance,LS11 9,LS11 9
2-891708268,2017-09-11,2017-09,LASBT ALMO,Noise Nuisance,LS27 9,LS27 9
2-892846552,2017-09-22,2017-09,LASBT Private,Noise Nuisance,WF3 1,WF3 1
2-892830427,2017-09-22,2017-09,LASBT Private,Noise Nuisance,LS10 4,LS10 4
2-892827327,2017-09-22,2017-09,LASBT Private,Noise Nuisance,LS15 7,LS15 7
2-892773089,2017-09-21,2017-09,LASBT Private,Noise Nuisance,LS10 4,LS10 4
2-892693633,2017-09-21,2017-09,LASBT Private,Noise Nuisance,LS26 8,LS26 8
2-891859568,2017-09-12,2017-09,LASBT Private,Noise Nuisance,LS15 0,LS15 0
2-891879204,2017-09-12,2017-09,LASBT Private,Noise Nuisance,LS11 5,LS11 5
2-892618610,2017-09-20,2017-09,LASBT Private,Noise Nuisance,LS27 9,LS27 9
2-891978964,2017-09-13,2017-09,LASBT Private,Noise Nuisance,WF3 3,WF3 3
2-892010550,2017-09-13,2017-09,LASBT Private,Noise Nuisance,WF3 2,WF3 2
2-892078008,2017-09-13,2017-09,LASBT Private,Noise Nuisance,LS11 5,LS11 5
2-892445738,2017-09-18,2017-09,LASBT Private,Noise Nuisance,LS10 1,LS10 1
2-892445548,2017-09-18,2017-09,LASBT Private,Noise Nuisance,LS10 3,LS10 3
2-892161111,2017-09-14,2017-09,LASBT Private,Noise Nuisance,LS11 0,LS11 0
2-892161231,2017-09-14,2017-09,LASBT Private,Noise Nuisance,WF3 1,WF3 1
2-892187496,2017-09-14,2017-09,LASBT Private,Noise Nuisance,LS7 1,LS7 1
2-892252588,2017-09-15,2017-09,LASBT Private,Noise Nuisance,BD11 1,BD11 1
2-892426121,2017-09-18,2017-09,LASBT Private,Noise Nuisance,LS11 6,LS11 6
2-892402840,2017-09-18,2017-09,LASBT Private,Noise Nuisance,LS27 9,LS27 9
2-892350368,2017-09-18,2017-09,LASBT Private,Noise Nuisance,LS11 6,LS11 6
2-892372332,2017-09-18,2017-09,LASBT Private,Noise Nuisance,LS15 7,LS15 7
2-893471485,2017-09-29,2017-09,LASBT Private,Noise Nuisance,NU,
2-893471391,2017-09-29,2017-09,LASBT Private,Noise Nuisance,LS4 2,LS4 2
2-893471338,2017-09-29,2017-09,LASBT Private,Noise Nuisance,LS6 2,LS6 2
2-893477524,2017-09-29,2017-09,Tenancy Breach,Noise Nuisance,LS6 3,LS6 3
2-890713875,2017-09-01,2017-09,LASBT Private,Noise Nuisance,LS16 5,LS16 5
2-893481409,2017-09-29,2017-09,LASBT Private,Noise Nuisance,LS6 2,LS6 2
2-893481331,2017-09-29,2017-09,LASBT Private,Noise Nuisance,LS2 9,LS2 9
2-893481207,2017-09-29,2017-09,LASBT Private,Noise Nuisance,LS6 1,LS6 1
2-893481113,2017-09-29,2017-09,LASBT Private,Noise Nuisance,LS6 2,LS6 2
2-893472957,2017-09-29,2017-09,LASBT Private,Noise Nuisance,LS6 1,LS6 1
2-893472814,2017-09-29,2017-09,LASBT Private,Noise Nuisance,LS4 2,LS4 2
2-893472485,2017-09-29,2017-09,LASBT Private,Noise Nuisance,LS12 4,LS12 4
2-893468566,2017-09-29,2017-09,LASBT Private,Noise Nuisance,LS6 1,LS6 1
2-893472280,2017-09-29,2017-09,LASBT Private,Noise Nuisance,LS2 9,LS2 9
2-893448647,2017-09-29,2017-09,LASBT Private,Noise Nuisance,LS6 2,LS6 2
2-893448193,2017-09-29,2017-09,LASBT Private,Noise Nuisance,LS2 9,LS2 9
2-890931566,2017-09-04,2017-09,LASBT Private,Noise Nuisance,LS19 7,LS19 7
2-893439569,2017-09-29,2017-09,LASBT Private,Noise Nuisance,LS13 2,LS13 2
2-893439375,2017-09-29,2017-09,LASBT Private,Noise Nuisance,LS6 2,LS6 2
2-893439293,2017-09-29,2017-09,LASBT Private,Noise Nuisance,LS13 2,LS13 2
2-893439069,2017-09-29,2017-09,LASBT Private,Noise Nuisance,LS6 1,LS6 1
2-893421925,2017-09-29,2017-09,LASBT ALMO,Noise Nuisance,LS12 5,LS12 5
2-890980085,2017-09-04,2017-09,LASBT Private,Noise Nuisance,LS21 3,LS21 3
2-893381933,2017-09-29,2017-09,Tenancy Breach,Noise Nuisance,LS12 5,LS12 5
2-893382519,2017-09-29,2017-09,LASBT Private,Noise Nuisance,LS5 3,LS5 3
2-893215860,2017-09-27,2017-09,LASBT Private,Noise Nuisance,LS6 1,LS6 1
2-891102304,2017-09-05,2017-09,LASBT Private,Noise Nuisance,LS12 4,LS12 4
2-893196742,2017-09-27,2017-09,LASBT Private,Noise Nuisance,LS6 1,LS6 1
2-893098582,2017-09-26,2017-09,LASBT Private,Noise Nuisance,LS12 5,LS12 5
2-891286405,2017-09-06,2017-09,LASBT Private,Noise Nuisance,LS6 1,LS6 1
2-891286587,2017-09-06,2017-09,LASBT Private,Noise Nuisance,LS6 3,LS6 3
2-893098312,2017-09-26,2017-09,LASBT Private,Noise Nuisance,LS6 1,LS6 1
2-893098139,2017-09-26,2017-09,LASBT Private,Noise Nuisance,LS6 1,LS6 1
2-891354734,2017-09-07,2017-09,Tenancy Breach,Noise Nuisance,LS16 7,LS16 7
2-891431263,2017-09-07,2017-09,LASBT Private,Noise Nuisance,LS6 3,LS6 3
2-893000819,2017-09-25,2017-09,LASBT Private,Noise Nuisance,LS4 2,LS4 2
2-893000676,2017-09-25,2017-09,LASBT Private,Noise Nuisance,LS6 1,LS6 1
2-893000608,2017-09-25,2017-09,LASBT Private,Noise Nuisance,LS6 1,LS6 1
2-893000458,2017-09-25,2017-09,LASBT Private,Noise Nuisance,LS4 2,LS4 2
2-893000411,2017-09-25,2017-09,LASBT Private,Noise Nuisance,LS6 1,LS6 1
2-893000308,2017-09-25,2017-09,LASBT Private,Noise Nuisance,LS16 6,LS16 6
2-893000261,2017-09-25,2017-09,LASBT Private,Noise Nuisance,LS13 2,LS13 2
2-891447997,2017-09-07,2017-09,Tenancy Breach,Noise Nuisance,LS6 3,LS6 3
2-893000038,2017-09-25,2017-09,LASBT ALMO,Noise Nuisance,LS12 2,LS12 2
2-892985591,2017-09-25,2017-09,LASBT Private,Noise Nuisance,LS6 1,LS6 1
2-892985138,2017-09-25,2017-09,LASBT Private,Noise Nuisance,LS6 1,LS6 1
2-892888658,2017-09-22,2017-09,LASBT Private,Noise Nuisance,LS6 1,LS6 1
2-892888569,2017-09-22,2017-09,LASBT Private,Noise Nuisance,LS6 1,LS6 1
2-892888470,2017-09-22,2017-09,LASBT Private,Noise Nuisance,LS6 1,LS6 1
2-892888292,2017-09-22,2017-09,LASBT Private,Noise Nuisance,LS6 1,LS6 1
2-892888108,2017-09-22,2017-09,LASBT Private,Noise Nuisance,LS6 1,LS6 1
2-892866888,2017-09-22,2017-09,LASBT Private,Noise Nuisance,LS12 3,LS12 3
2-892854972,2017-09-22,2017-09,LASBT Private,Noise Nuisance,LS6 3,LS6 3
2-891724565,2017-09-11,2017-09,LASBT Private,Noise Nuisance,LS12 3,LS12 3
2-891740592,2017-09-11,2017-09,LASBT Private,Noise Nuisance,LS28 7,LS28 7
2-891770207,2017-09-11,2017-09,LASBT ALMO,Noise Nuisance,LS13 4,LS13 4
2-892829207,2017-09-22,2017-09,LASBT Private,Noise Nuisance,LS6 1,LS6 1
2-891759644,2017-09-11,2017-09,LASBT Private,Noise Nuisance,LS2 9,LS2 9
2-892829165,2017-09-22,2017-09,LASBT Private,Noise Nuisance,LS3 1,LS3 1
2-892829033,2017-09-22,2017-09,LASBT Private,Noise Nuisance,LS6 1,LS6 1
2-891783266,2017-09-11,2017-09,LASBT Private,Noise Nuisance,LS6 1,LS6 1
2-891800068,2017-09-11,2017-09,LASBT Private,Noise Nuisance,LS28 8,LS28 8
2-891797149,2017-09-11,2017-09,LASBT Private,Noise Nuisance,LS12 3,LS12 3
2-891800404,2017-09-11,2017-09,LASBT Private,Noise Nuisance,LS6 3,LS6 3
2-891800564,2017-09-11,2017-09,LASBT Private,Noise Nuisance,LS4 2,LS4 2
2-891800648,2017-09-11,2017-09,LASBT Private,Noise Nuisance,LS6 3,LS6 3
2-891818110,2017-09-11,2017-09,LASBT Private,Noise Nuisance,LS12 2,LS12 2
2-892726999,2017-09-21,2017-09,LASBT Private,Noise Nuisance,N,
2-892727954,2017-09-21,2017-09,LASBT Private,Noise Nuisance,LS6 1,LS6 1
2-892726218,2017-09-21,2017-09,LASBT Private,Noise Nuisance,LS28 7,LS28 7
2-892684778,2017-09-20,2017-09,LASBT Private,Noise Nuisance,LS6 1,LS6 1
2-892656726,2017-09-20,2017-09,LASBT Private,Noise Nuisance,LS6 1,LS6 1
2-892580592,2017-09-20,2017-09,LASBT Private,Noise Nuisance,LS6 1,LS6 1
2-892580493,2017-09-20,2017-09,LASBT Private,Noise Nuisance,LS6 1,LS6 1
2-891878986,2017-09-12,2017-09,LASBT Private,Noise Nuisance,LS16 6,LS16 6
2-892573631,2017-09-19,2017-09,LASBT Private,Noise Nuisance,LS13 3,LS13 3
2-891928443,2017-09-12,2017-09,LASBT Private,Noise Nuisance,LS20 9,LS20 9
2-892558969,2017-09-19,2017-09,LASBT Private,Noise Nuisance,LS6 3,LS6 3
2-892558914,2017-09-19,2017-09,LASBT Private,Noise Nuisance,LS6 4,LS6 4
2-891950708,2017-09-12,2017-09,LASBT Private,Noise Nuisance,N,
2-892558642,2017-09-19,2017-09,LASBT Private,Noise Nuisance,LS6 1,LS6 1
2-891961890,2017-09-12,2017-09,LASBT Private,Noise Nuisance,LS6 2,LS6 2
2-891973118,2017-09-12,2017-09,LASBT Private,Noise Nuisance,LS28 5,LS28 5
2-891973576,2017-09-12,2017-09,LASBT Private,Noise Nuisance,BD4 8,BD4 8
2-892558415,2017-09-19,2017-09,LASBT Private,Noise Nuisance,LS6 1,LS6 1
2-892558283,2017-09-19,2017-09,LASBT Private,Noise Nuisance,LS6 3,LS6 3
2-892558211,2017-09-19,2017-09,LASBT Private,Noise Nuisance,LS6 3,LS6 3
2-892558106,2017-09-19,2017-09,LASBT Private,Noise Nuisance,LS6 3,LS6 3
2-892558029,2017-09-19,2017-09,LASBT Private,Noise Nuisance,LS6 1,LS6 1
2-892005376,2017-09-13,2017-09,Tenancy Breach,Noise Nuisance,LS28 9,LS28 9
2-892547912,2017-09-19,2017-09,LASBT Private,Noise Nuisance,LS6 1,LS6 1
2-892547685,2017-09-19,2017-09,LASBT Private,Noise Nuisance,LS6 3,LS6 3
2-892547493,2017-09-19,2017-09,LASBT Private,Noise Nuisance,LS5 2,LS5 2
2-892050389,2017-09-13,2017-09,LASBT Private,Noise Nuisance,LS19 6,LS19 6
2-892548079,2017-09-19,2017-09,LASBT Private,Noise Nuisance,LS18 4,LS18 4
2-892547323,2017-09-19,2017-09,LASBT Private,Noise Nuisance,LS6 1,LS6 1
2-892547086,2017-09-19,2017-09,LASBT Private,Noise Nuisance,NU,
2-892053919,2017-09-13,2017-09,LASBT Private,Noise Nuisance,LS16 5,LS16 5
2-892515889,2017-09-19,2017-09,LASBT Private,Noise Nuisance,LS6 1,LS6 1
2-892074720,2017-09-13,2017-09,LASBT Private,Noise Nuisance,LS18 4,LS18 4
2-892074880,2017-09-13,2017-09,LASBT Private,Noise Nuisance,LS16 6,LS16 6
2-892464854,2017-09-19,2017-09,LASBT Private,Noise Nuisance,LS3 1,LS3 1
2-892098638,2017-09-14,2017-09,LASBT Private,Noise Nuisance,LS6 4,LS6 4
2-892446319,2017-09-18,2017-09,LASBT ALMO,Noise Nuisance,LS13 4,LS13 4
2-892440011,2017-09-18,2017-09,LASBT ALMO,Noise Nuisance,LS6 1,LS6 1
2-892415532,2017-09-18,2017-09,Tenancy Breach,Noise Nuisance,LS19 7,LS19 7
2-892424582,2017-09-18,2017-09,LASBT ALMO,Noise Nuisance,LS28 9,LS28 9
2-892408863,2017-09-18,2017-09,LASBT Private,Noise Nuisance,LS12 4,LS12 4
2-892318070,2017-09-15,2017-09,LASBT Private,Noise Nuisance,LS7 1,LS7 1
2-892400305,2017-09-18,2017-09,LASBT Private,Noise Nuisance,LS18 5,LS18 5
2-890755257,2017-09-01,2017-09,Tenancy Breach,Noise Nuisance,LS10 3,LS10 3
2-893472699,2017-09-29,2017-09,Tenancy Breach,Noise Nuisance,LS9 8,LS9 8
2-890800671,2017-09-01,2017-09,Tenancy Breach,Noise Nuisance,LS13 3,LS13 3
2-890825060,2017-09-01,2017-09,LASBT ALMO,Noise Nuisance,LS16 6,LS16 6
2-890813384,2017-09-01,2017-09,Tenancy Breach,Noise Nuisance,LS20 9,LS20 9
2-893453296,2017-09-29,2017-09,Tenancy Breach,Noise Nuisance,LS14 6,LS14 6
2-890915156,2017-09-04,2017-09,Tenancy Breach,Noise Nuisance,WF3 2,WF3 2
2-890912886,2017-09-04,2017-09,Tenancy Breach,Noise Nuisance,LS13 2,LS13 2
2-890929089,2017-09-04,2017-09,Tenancy Breach,Noise Nuisance,LS14 1,LS14 1
2-893424309,2017-09-29,2017-09,LASBT ALMO,Noise Nuisance,WF3 2,WF3 2
2-890936989,2017-09-04,2017-09,Tenancy Breach,Noise Nuisance,LS7 3,LS7 3
2-890955199,2017-09-04,2017-09,LASBT ALMO,Noise Nuisance,LS9 7,LS9 7
2-890980448,2017-09-04,2017-09,Tenancy Breach,Noise Nuisance,LS27 9,LS27 9
2-893415357,2017-09-29,2017-09,LASBT ALMO,Noise Nuisance,LS11 8,LS11 8
2-890983060,2017-09-04,2017-09,Tenancy Breach,Noise Nuisance,LS9 9,LS9 9
2-890993042,2017-09-04,2017-09,Tenancy Breach,Noise Nuisance,LS22 7,LS22 7
2-890985799,2017-09-04,2017-09,LASBT ALMO,Noise Nuisance,LS19 7,LS19 7
2-893301699,2017-09-28,2017-09,Tenancy Breach,Noise Nuisance,LS18 5,LS18 5
2-893252178,2017-09-27,2017-09,LASBT ALMO,Noise Nuisance,LS7 2,LS7 2
2-893240639,2017-09-27,2017-09,Tenancy Breach,Noise Nuisance,LS17 6,LS17 6
2-893239382,2017-09-27,2017-09,LASBT ALMO,Noise Nuisance,LS8 3,LS8 3
2-893217928,2017-09-27,2017-09,Tenancy Breach,Noise Nuisance,LS6 3,LS6 3
2-893224102,2017-09-27,2017-09,LASBT ALMO,Noise Nuisance,LS16 5,LS16 5
2-891072669,2017-09-05,2017-09,LASBT ALMO,Noise Nuisance,LS11 5,LS11 5
2-893199672,2017-09-27,2017-09,Tenancy Breach,Noise Nuisance,LS13 4,LS13 4
2-893218217,2017-09-27,2017-09,Tenancy Breach,Noise Nuisance,LS21 1,LS21 1
2-893172489,2017-09-27,2017-09,Tenancy Breach,Noise Nuisance,LS14 1,LS14 1
2-893196529,2017-09-27,2017-09,LASBT ALMO,Noise Nuisance,LS19 7,LS19 7
2-893199074,2017-09-27,2017-09,Tenancy Breach,Noise Nuisance,LS13 4,LS13 4
2-893128737,2017-09-26,2017-09,LASBT ALMO,Noise Nuisance,LS15 7,LS15 7
2-891146242,2017-09-05,2017-09,Tenancy Breach,Noise Nuisance,LS5 3,LS5 3
2-891158048,2017-09-05,2017-09,Tenancy Breach,Noise Nuisance,LS21 1,LS21 1
2-893141323,2017-09-26,2017-09,LASBT Private,Noise Nuisance,LS2 9,LS2 9
2-891149823,2017-09-05,2017-09,LASBT Private,Noise Nuisance,LS11 8,LS11 8
2-893137146,2017-09-26,2017-09,LASBT Private,Noise Nuisance,LS13 1,LS13 1
2-893130215,2017-09-26,2017-09,LASBT ALMO,Noise Nuisance,LS7 3,LS7 3
2-891250178,2017-09-06,2017-09,LASBT Private,Noise Nuisance,LS14 6,LS14 6
2-893114410,2017-09-26,2017-09,LASBT Private,Noise Nuisance,LS18 5,LS18 5
2-891241455,2017-09-06,2017-09,Tenancy Breach,Noise Nuisance,LS14 6,LS14 6
2-891240891,2017-09-06,2017-09,Tenancy Breach,Noise Nuisance,LS13 4,LS13 4
2-891256374,2017-09-06,2017-09,LASBT Private,Noise Nuisance,LS11 0,LS11 0
2-893093571,2017-09-26,2017-09,LASBT ALMO,Noise Nuisance,LS9 7,LS9 7
2-893093266,2017-09-26,2017-09,LASBT ALMO,Noise Nuisance,LS8 3,LS8 3
2-891285790,2017-09-06,2017-09,Tenancy Breach,Noise Nuisance,LS11 5,LS11 5
2-891293932,2017-09-06,2017-09,Tenancy Breach,Noise Nuisance,LS7 1,LS7 1
2-891314182,2017-09-06,2017-09,Tenancy Breach,Noise Nuisance,LS28 7,LS28 7
2-891322018,2017-09-06,2017-09,Tenancy Breach,Noise Nuisance,LS5 3,LS5 3
2-893085696,2017-09-26,2017-09,Tenancy Breach,Noise Nuisance,LS6 2,LS6 2
2-893021989,2017-09-26,2017-09,Tenancy Breach,Noise Nuisance,LS8 3,LS8 3
2-893044505,2017-09-25,2017-09,Tenancy Breach,Noise Nuisance,LS17 5,LS17 5
2-893031879,2017-09-25,2017-09,LASBT ALMO,Noise Nuisance,LS23 6,LS23 6
2-893018569,2017-09-25,2017-09,Tenancy Breach,Noise Nuisance,LS10 3,LS10 3
2-891365348,2017-09-06,2017-09,LASBT Private,Noise Nuisance,LS28 8,LS28 8
2-893022324,2017-09-25,2017-09,LASBT ALMO,Noise Nuisance,LS11 0,LS11 0
2-891376868,2017-09-07,2017-09,Tenancy Breach,Noise Nuisance,LS16 7,LS16 7
2-891431019,2017-09-07,2017-09,LASBT ALMO,Noise Nuisance,LS25 7,LS25 7
2-891447346,2017-09-07,2017-09,Tenancy Breach,Noise Nuisance,LS14 1,LS14 1
2-891455567,2017-09-07,2017-09,LASBT ALMO,Noise Nuisance,LS14 1,LS14 1
2-891442779,2017-09-07,2017-09,Tenancy Breach,Noise Nuisance,LS9 7,LS9 7
2-891447432,2017-09-07,2017-09,Tenancy Breach,Noise Nuisance,LS14 1,LS14 1
2-891447524,2017-09-07,2017-09,Tenancy Breach,Noise Nuisance,LS14 1,LS14 1
2-891463518,2017-09-07,2017-09,Tenancy Breach,Noise Nuisance,LS8 3,LS8 3
2-891478185,2017-09-07,2017-09,LASBT Private,Noise Nuisance,LS14 6,LS14 6
2-891473374,2017-09-07,2017-09,LASBT ALMO,Noise Nuisance,LS10 4,LS10 4
2-892974972,2017-09-25,2017-09,Tenancy Breach,Noise Nuisance,LS14 6,LS14 6
2-891478950,2017-09-07,2017-09,LASBT Private,Noise Nuisance,LS9 9,LS9 9
2-891494470,2017-09-07,2017-09,LASBT Private,Noise Nuisance,LS19 7,LS19 7
2-892985905,2017-09-25,2017-09,LASBT Private,Noise Nuisance,LS12 5,LS12 5
2-891546027,2017-09-08,2017-09,Tenancy Breach,Noise Nuisance,LS10 4,LS10 4
2-892921569,2017-09-25,2017-09,Tenancy Breach,Noise Nuisance,LS8 3,LS8 3
2-892913614,2017-09-25,2017-09,LASBT ALMO,Noise Nuisance,LS11 7,LS11 7
2-891539575,2017-09-08,2017-09,Tenancy Breach,Noise Nuisance,LS5 3,LS5 3
2-892896841,2017-09-25,2017-09,Tenancy Breach,Noise Nuisance,LS12 5,LS12 5
2-891577134,2017-09-08,2017-09,Tenancy Breach,Noise Nuisance,LS14 1,LS14 1
2-891535885,2017-09-08,2017-09,Tenancy Breach,Noise Nuisance,LS28 8,LS28 8
2-892888394,2017-09-22,2017-09,LASBT ALMO,Noise Nuisance,LS13 3,LS13 3
2-891606367,2017-09-08,2017-09,Tenancy Breach,Noise Nuisance,LS25 7,LS25 7
2-892866993,2017-09-22,2017-09,LASBT ALMO,Noise Nuisance,LS13 2,LS13 2
2-891613829,2017-09-08,2017-09,Tenancy Breach,Noise Nuisance,LS14 1,LS14 1
2-891627707,2017-09-08,2017-09,Tenancy Breach,Noise Nuisance,LS6 2,LS6 2
2-892871194,2017-09-22,2017-09,Tenancy Breach,Noise Nuisance,LS27 9,LS27 9
2-891723730,2017-09-11,2017-09,LASBT ALMO,Noise Nuisance,LS10 2,LS10 2
2-891737374,2017-09-11,2017-09,Tenancy Breach,Noise Nuisance,LS16 6,LS16 6
2-891742908,2017-09-11,2017-09,LASBT Private,Noise Nuisance,LS6 1,LS6 1
2-891774410,2017-09-11,2017-09,Tenancy Breach,Noise Nuisance,LS14 5,LS14 5
2-892800213,2017-09-21,2017-09,Tenancy Breach,Noise Nuisance,LS7 3,LS7 3
2-892727191,2017-09-21,2017-09,LASBT Private,Noise Nuisance,LS21 1,LS21 1
2-891825563,2017-09-11,2017-09,LASBT ALMO,Noise Nuisance,WF10 2,WF10 2
2-892686835,2017-09-20,2017-09,Tenancy Breach,Noise Nuisance,LS11 0,LS11 0
2-892684361,2017-09-20,2017-09,Tenancy Breach,Noise Nuisance,LS17 5,LS17 5
2-891879497,2017-09-12,2017-09,LASBT ALMO,Noise Nuisance,LS11 6,LS11 6
2-892638609,2017-09-20,2017-09,Tenancy Breach,Noise Nuisance,LS21 2,LS21 2
2-891879906,2017-09-12,2017-09,LASBT ALMO,Noise Nuisance,LS10 4,LS10 4
2-891882372,2017-09-12,2017-09,LASBT ALMO,Noise Nuisance,LS9 7,LS9 7
2-891894213,2017-09-12,2017-09,Tenancy Breach,Noise Nuisance,LS13 2,LS13 2
2-891878813,2017-09-12,2017-09,LASBT ALMO,Noise Nuisance,LS8 3,LS8 3
2-891914546,2017-09-12,2017-09,Tenancy Breach,Noise Nuisance,LS28 7,LS28 7
2-891927319,2017-09-12,2017-09,LASBT Private,Noise Nuisance,LS7 2,LS7 2
2-891939261,2017-09-12,2017-09,Tenancy Breach,Noise Nuisance,LS11 8,LS11 8
2-891950527,2017-09-12,2017-09,Tenancy Breach,Noise Nuisance,LS13 2,LS13 2
2-891957114,2017-09-12,2017-09,Tenancy Breach,Noise Nuisance,LS12 3,LS12 3
2-891961635,2017-09-12,2017-09,LASBT Private,Noise Nuisance,LS12 3,LS12 3
2-891963133,2017-09-12,2017-09,Tenancy Breach,Noise Nuisance,LS17 6,LS17 6
2-892558571,2017-09-19,2017-09,LASBT ALMO,Noise Nuisance,LS14 1,LS14 1
2-892539960,2017-09-19,2017-09,Tenancy Breach,Noise Nuisance,LS9 6,LS9 6
2-892010308,2017-09-13,2017-09,LASBT ALMO,Noise Nuisance,LS26 8,LS26 8
2-892010915,2017-09-13,2017-09,Tenancy Breach,Noise Nuisance,LS5 3,LS5 3
2-892032601,2017-09-13,2017-09,Tenancy Breach,Noise Nuisance,LS6 2,LS6 2
2-892067541,2017-09-13,2017-09,Tenancy Breach,Noise Nuisance,LS16 7,LS16 7
2-892516395,2017-09-19,2017-09,Tenancy Breach,Noise Nuisance,LS14 6,LS14 6
2-892517353,2017-09-19,2017-09,LASBT ALMO,Noise Nuisance,LS11 9,LS11 9
2-892462907,2017-09-19,2017-09,LASBT ALMO,Noise Nuisance,LS9 7,LS9 7
2-892063369,2017-09-13,2017-09,LASBT ALMO,Noise Nuisance,LS27 0,LS27 0
2-892096436,2017-09-13,2017-09,Tenancy Breach,Noise Nuisance,LS13 1,LS13 1
2-892459349,2017-09-18,2017-09,LASBT Private,Noise Nuisance,LS16 6,LS16 6
2-892446554,2017-09-18,2017-09,LASBT ALMO,Noise Nuisance,LS12 2,LS12 2
2-892428691,2017-09-18,2017-09,Tenancy Breach,Noise Nuisance,LS13 3,LS13 3
2-892437263,2017-09-18,2017-09,Tenancy Breach,Noise Nuisance,LS13 1,LS13 1
2-892168319,2017-09-14,2017-09,Tenancy Breach,Noise Nuisance,LS15 0,LS15 0
2-892426675,2017-09-18,2017-09,LASBT ALMO,Noise Nuisance,WF3 3,WF3 3
2-892424813,2017-09-18,2017-09,LASBT Private,Noise Nuisance,LS12 1,LS12 1
2-892220979,2017-09-15,2017-09,Tenancy Breach,Noise Nuisance,LS12 2,LS12 2
2-892283353,2017-09-15,2017-09,Tenancy Breach,Noise Nuisance,LS11 9,LS11 9
2-892277961,2017-09-15,2017-09,Tenancy Breach,Noise Nuisance,LS8 1,LS8 1
2-892283705,2017-09-15,2017-09,Tenancy Breach,Noise Nuisance,LS11 9,LS11 9
2-892324231,2017-09-15,2017-09,Tenancy Breach,Noise Nuisance,LS9 7,LS9 7
2-892336416,2017-09-15,2017-09,Tenancy Breach,Noise Nuisance,LS16 6,LS16 6
2-892365119,2017-09-18,2017-09,Tenancy Breach,Noise Nuisance,LS13 2,LS13 2
2-892333794,2017-09-18,2017-09,LASBT Private,Noise Nuisance,LS6 1,LS6 1
